MM:DD:YYYY hh:mm:ss,Library_Version,Session_type,Device_Number,Battery_Voltage,Motor_Turns,FR,Event,Active_Poke,Left_Poke_Count,Right_Poke_Count,Pellet_Count,Block_Pellet_Count,Retrieval_Time,InterPelletInterval,Poke_Time
10/22/2024 11:36:07,1.17.0,ClosedEcon_PR1,6,3.64,nan,1,Left,Left,1,0,0,0,nan,nan,0.17
10/22/2024 11:36:08,1.17.0,ClosedEcon_PR1,6,3.64,1,1,Pellet,Left,1,0,1,1,0.06,nan,nan
10/22/2024 11:38:14,1.17.0,ClosedEcon_PR1,6,3.64,nan,2,Right,Left,1,1,1,1,nan,nan,0.17
10/22/2024 11:43:41,1.17.0,ClosedEcon_PR1,6,3.64,nan,2,Right,Left,1,2,1,1,nan,nan,0.39
10/22/2024 11:43:42,1.17.0,ClosedEcon_PR1,6,3.64,nan,2,Right,Left,1,3,1,1,nan,nan,0.28
10/22/2024 11:51:07,1.17.0,ClosedEcon_PR1,6,3.64,nan,2,Right,Left,1,4,1,1,nan,nan,0.10
10/22/2024 11:56:43,1.17.0,ClosedEcon_PR1,6,3.64,nan,2,Left,Left,2,4,1,1,nan,nan,0.26
10/22/2024 11:58:31,1.17.0,ClosedEcon_PR1,6,3.64,nan,2,Right,Left,2,5,1,1,nan,nan,0.21
10/22/2024 11:59:05,1.17.0,ClosedEcon_PR1,6,3.64,nan,2,Left,Left,3,5,1,1,nan,nan,0.13
10/22/2024 11:59:08,1.17.0,ClosedEcon_PR1,6,3.64,1,2,Pellet,Left,3,5,2,2,1.77,1380,nan
10/22/2024 12:02:34,1.17.0,ClosedEcon_PR1,6,3.64,nan,3,Left,Left,4,5,2,2,nan,nan,0.07
10/22/2024 13:24:12,1.17.0,ClosedEcon_PR1,6,3.64,nan,1,Right,Left,4,6,2,0,nan,nan,0.02
10/22/2024 17:51:22,1.17.0,ClosedEcon_PR1,6,3.63,nan,1,Left,Left,5,6,2,0,nan,nan,0.33
10/22/2024 17:51:22,1.17.0,ClosedEcon_PR1,6,3.62,nan,1,LeftDuringDispense,Left,6,6,2,1,nan,nan,0.01
10/22/2024 17:51:29,1.17.0,ClosedEcon_PR1,6,3.64,2,1,Pellet,Left,6,6,3,1,3.36,21141,nan
10/22/2024 17:52:04,1.17.0,ClosedEcon_PR1,6,3.64,nan,2,Right,Left,6,7,3,1,nan,nan,0.21
10/22/2024 17:52:06,1.17.0,ClosedEcon_PR1,6,3.64,nan,2,Right,Left,6,8,3,1,nan,nan,0.02
10/22/2024 17:52:12,1.17.0,ClosedEcon_PR1,6,3.63,nan,2,Left,Left,7,8,3,1,nan,nan,0.49
10/22/2024 17:52:14,1.17.0,ClosedEcon_PR1,6,3.64,nan,2,Left,Left,8,8,3,1,nan,nan,0.55
10/22/2024 17:52:17,1.17.0,ClosedEcon_PR1,6,3.64,1,2,Pellet,Left,8,8,4,2,1.64,48,nan
10/22/2024 17:52:47,1.17.0,ClosedEcon_PR1,6,3.63,nan,3,Left,Left,9,8,4,2,nan,nan,0.11
10/22/2024 17:54:07,1.17.0,ClosedEcon_PR1,6,3.64,nan,3,Left,Left,10,8,4,2,nan,nan,0.05
10/22/2024 17:54:11,1.17.0,ClosedEcon_PR1,6,3.64,nan,3,Left,Left,11,8,4,2,nan,nan,0.02
10/22/2024 17:54:11,1.17.0,ClosedEcon_PR1,6,3.64,nan,3,LeftDuringDispense,Left,12,8,4,3,nan,nan,0.03
10/22/2024 17:54:18,1.17.0,ClosedEcon_PR1,6,3.64,3,3,Pellet,Left,12,8,5,3,3.80,121,nan
10/22/2024 17:54:39,1.17.0,ClosedEcon_PR1,6,3.63,nan,4,Left,Left,13,8,5,3,nan,nan,0.63
10/22/2024 17:54:47,1.17.0,ClosedEcon_PR1,6,3.64,nan,4,Left,Left,14,8,5,3,nan,nan,0.08
10/22/2024 18:38:33,1.17.0,ClosedEcon_PR1,6,3.63,nan,1,Left,Left,15,8,5,0,nan,nan,0.14
10/22/2024 18:38:35,1.17.0,ClosedEcon_PR1,6,3.63,1,1,Pellet,Left,15,8,6,1,1.52,2657,nan
10/22/2024 18:39:03,1.17.0,ClosedEcon_PR1,6,3.64,nan,2,Left,Left,16,8,6,1,nan,nan,0.09
10/22/2024 18:39:11,1.17.0,ClosedEcon_PR1,6,3.64,nan,2,Left,Left,17,8,6,1,nan,nan,0.00
10/22/2024 18:39:15,1.17.0,ClosedEcon_PR1,6,3.63,2,2,Pellet,Left,17,8,7,2,1.39,40,nan
10/22/2024 18:39:51,1.17.0,ClosedEcon_PR1,6,3.64,nan,3,Left,Left,18,8,7,2,nan,nan,0.04
10/22/2024 18:39:53,1.17.0,ClosedEcon_PR1,6,3.64,nan,3,Left,Left,19,8,7,2,nan,nan,0.12
10/22/2024 18:39:54,1.17.0,ClosedEcon_PR1,6,3.64,nan,3,Left,Left,20,8,7,2,nan,nan,0.00
10/22/2024 18:39:58,1.17.0,ClosedEcon_PR1,6,3.64,1,3,Pellet,Left,20,8,8,3,3.42,43,nan
10/22/2024 18:40:18,1.17.0,ClosedEcon_PR1,6,3.63,nan,4,Left,Left,21,8,8,3,nan,nan,0.03
10/22/2024 18:40:22,1.17.0,ClosedEcon_PR1,6,3.64,nan,4,Left,Left,22,8,8,3,nan,nan,1.62
10/22/2024 18:41:10,1.17.0,ClosedEcon_PR1,6,3.63,nan,4,Right,Left,22,9,8,3,nan,nan,0.00
10/22/2024 18:42:14,1.17.0,ClosedEcon_PR1,6,3.64,nan,4,Left,Left,23,9,8,3,nan,nan,0.10
10/22/2024 18:42:18,1.17.0,ClosedEcon_PR1,6,3.64,nan,4,Left,Left,24,9,8,3,nan,nan,0.41
10/22/2024 18:42:23,1.17.0,ClosedEcon_PR1,6,3.64,1,4,Pellet,Left,24,9,9,4,3.49,145,nan
10/22/2024 18:43:15,1.17.0,ClosedEcon_PR1,6,3.62,nan,5,Left,Left,25,9,9,4,nan,nan,0.04
10/22/2024 18:43:16,1.17.0,ClosedEcon_PR1,6,3.64,nan,5,Left,Left,26,9,9,4,nan,nan,0.02
10/22/2024 18:44:14,1.17.0,ClosedEcon_PR1,6,3.64,nan,5,Right,Left,26,10,9,4,nan,nan,0.11
10/22/2024 18:44:20,1.17.0,ClosedEcon_PR1,6,3.63,nan,5,Left,Left,27,10,9,4,nan,nan,0.41
10/22/2024 18:44:58,1.17.0,ClosedEcon_PR1,6,3.63,nan,5,Left,Left,28,10,9,4,nan,nan,0.78
10/22/2024 19:15:09,1.17.0,ClosedEcon_PR1,6,3.64,nan,1,Left,Left,29,10,9,0,nan,nan,0.76
10/22/2024 19:15:12,1.17.0,ClosedEcon_PR1,6,3.63,1,1,Pellet,Left,29,10,10,1,1.77,1969,nan
10/22/2024 19:15:24,1.17.0,ClosedEcon_PR1,6,3.63,nan,2,Left,Left,30,10,10,1,nan,nan,0.08
10/22/2024 19:15:28,1.17.0,ClosedEcon_PR1,6,3.63,nan,2,Left,Left,31,10,10,1,nan,nan,0.63
10/22/2024 19:15:30,1.17.0,ClosedEcon_PR1,6,3.62,1,2,Pellet,Left,31,10,11,2,1.32,18,nan
10/22/2024 19:16:19,1.17.0,ClosedEcon_PR1,6,3.63,nan,3,Left,Left,32,10,11,2,nan,nan,0.09
10/22/2024 19:16:20,1.17.0,ClosedEcon_PR1,6,3.63,nan,3,Left,Left,33,10,11,2,nan,nan,0.32
10/22/2024 19:17:18,1.17.0,ClosedEcon_PR1,6,3.64,nan,3,Right,Left,33,11,11,2,nan,nan,0.02
10/22/2024 19:17:22,1.17.0,ClosedEcon_PR1,6,3.63,nan,3,Right,Left,33,12,11,2,nan,nan,0.23
10/22/2024 19:28:59,1.17.0,ClosedEcon_PR1,6,3.63,nan,3,Left,Left,34,12,11,2,nan,nan,0.10
10/22/2024 19:29:02,1.17.0,ClosedEcon_PR1,6,3.64,2,3,Pellet,Left,34,12,12,3,2.02,812,nan
10/22/2024 19:29:51,1.17.0,ClosedEcon_PR1,6,3.64,nan,4,Right,Left,34,13,12,3,nan,nan,0.16
10/22/2024 19:29:52,1.17.0,ClosedEcon_PR1,6,3.63,nan,4,Right,Left,34,14,12,3,nan,nan,0.04
10/22/2024 19:29:58,1.17.0,ClosedEcon_PR1,6,3.63,nan,4,Left,Left,35,14,12,3,nan,nan,0.09
10/22/2024 19:30:02,1.17.0,ClosedEcon_PR1,6,3.63,nan,4,Left,Left,36,14,12,3,nan,nan,0.42
10/22/2024 19:34:06,1.17.0,ClosedEcon_PR1,6,3.63,nan,4,Left,Left,37,14,12,3,nan,nan,0.11
10/22/2024 19:34:33,1.17.0,ClosedEcon_PR1,6,3.64,nan,4,Left,Left,38,14,12,3,nan,nan,0.11
10/22/2024 19:34:37,1.17.0,ClosedEcon_PR1,6,3.63,1,4,Pellet,Left,38,14,13,4,3.23,335,nan
10/22/2024 19:36:10,1.17.0,ClosedEcon_PR1,6,3.63,nan,5,Left,Left,39,14,13,4,nan,nan,0.05
10/22/2024 19:40:18,1.17.0,ClosedEcon_PR1,6,3.63,nan,5,Left,Left,40,14,13,4,nan,nan,0.09
10/22/2024 19:40:23,1.17.0,ClosedEcon_PR1,6,3.64,nan,5,Left,Left,41,14,13,4,nan,nan,0.24
10/22/2024 19:41:38,1.17.0,ClosedEcon_PR1,6,3.63,nan,5,Right,Left,41,15,13,4,nan,nan,0.09
10/22/2024 19:42:47,1.17.0,ClosedEcon_PR1,6,3.64,nan,5,Right,Left,41,16,13,4,nan,nan,0.12
10/22/2024 19:44:08,1.17.0,ClosedEcon_PR1,6,3.63,nan,5,Left,Left,42,16,13,4,nan,nan,0.06
10/22/2024 19:44:11,1.17.0,ClosedEcon_PR1,6,3.63,nan,5,Left,Left,43,16,13,4,nan,nan,0.70
10/22/2024 19:44:13,1.17.0,ClosedEcon_PR1,6,3.64,1,5,Pellet,Left,43,16,14,5,1.01,576,nan
10/22/2024 19:46:06,1.17.0,ClosedEcon_PR1,6,3.64,nan,6,Left,Left,44,16,14,5,nan,nan,0.53
10/22/2024 19:46:10,1.17.0,ClosedEcon_PR1,6,3.63,nan,6,Left,Left,45,16,14,5,nan,nan,0.41
10/22/2024 19:46:18,1.17.0,ClosedEcon_PR1,6,3.64,nan,6,Left,Left,46,16,14,5,nan,nan,0.23
10/22/2024 19:52:17,1.17.0,ClosedEcon_PR1,6,3.64,nan,6,Left,Left,47,16,14,5,nan,nan,0.30
10/22/2024 19:52:19,1.17.0,ClosedEcon_PR1,6,3.63,nan,6,Left,Left,48,16,14,5,nan,nan,0.28
10/22/2024 19:52:23,1.17.0,ClosedEcon_PR1,6,3.63,nan,6,Left,Left,49,16,14,5,nan,nan,0.69
10/22/2024 19:52:25,1.17.0,ClosedEcon_PR1,6,3.63,1,6,Pellet,Left,49,16,15,6,0.95,492,nan
10/22/2024 19:52:41,1.17.0,ClosedEcon_PR1,6,3.63,nan,7,Left,Left,50,16,15,6,nan,nan,0.02
10/22/2024 19:52:47,1.17.0,ClosedEcon_PR1,6,3.63,nan,7,Left,Left,51,16,15,6,nan,nan,0.00
10/22/2024 19:55:06,1.17.0,ClosedEcon_PR1,6,3.63,nan,7,Left,Left,52,16,15,6,nan,nan,0.01
10/22/2024 19:55:08,1.17.0,ClosedEcon_PR1,6,3.63,nan,7,Left,Left,53,16,15,6,nan,nan,0.05
10/22/2024 19:55:14,1.17.0,ClosedEcon_PR1,6,3.64,nan,7,Left,Left,54,16,15,6,nan,nan,0.01
10/22/2024 20:02:05,1.17.0,ClosedEcon_PR1,6,3.63,nan,7,Left,Left,55,16,15,6,nan,nan,0.03
10/22/2024 20:06:10,1.17.0,ClosedEcon_PR1,6,3.63,nan,7,Left,Left,56,16,15,6,nan,nan,0.07
10/22/2024 20:06:12,1.17.0,ClosedEcon_PR1,6,3.63,1,7,Pellet,Left,56,16,16,7,1.26,827,nan
10/22/2024 20:08:27,1.17.0,ClosedEcon_PR1,6,3.63,nan,8,Left,Left,57,16,16,7,nan,nan,0.12
10/22/2024 20:08:30,1.17.0,ClosedEcon_PR1,6,3.64,nan,8,Left,Left,58,16,16,7,nan,nan,0.22
10/22/2024 20:08:32,1.17.0,ClosedEcon_PR1,6,3.63,nan,8,Left,Left,59,16,16,7,nan,nan,0.01
10/22/2024 20:11:27,1.17.0,ClosedEcon_PR1,6,3.63,nan,8,Left,Left,60,16,16,7,nan,nan,0.12
10/22/2024 20:11:27,1.17.0,ClosedEcon_PR1,6,3.63,nan,8,Left,Left,61,16,16,7,nan,nan,0.09
10/22/2024 20:11:28,1.17.0,ClosedEcon_PR1,6,3.62,nan,8,Left,Left,62,16,16,7,nan,nan,0.00
10/22/2024 20:11:30,1.17.0,ClosedEcon_PR1,6,3.63,nan,8,Left,Left,63,16,16,7,nan,nan,0.07
10/22/2024 20:11:31,1.17.0,ClosedEcon_PR1,6,3.63,nan,8,Left,Left,64,16,16,7,nan,nan,0.37
10/22/2024 20:11:32,1.17.0,ClosedEcon_PR1,6,3.63,1,8,Pellet,Left,64,16,17,8,0.88,320,nan
10/22/2024 20:11:56,1.17.0,ClosedEcon_PR1,6,3.63,nan,9,Left,Left,65,16,17,8,nan,nan,0.13
10/22/2024 20:12:03,1.17.0,ClosedEcon_PR1,6,3.62,nan,9,Right,Left,65,17,17,8,nan,nan,0.23
10/22/2024 20:21:24,1.17.0,ClosedEcon_PR1,6,3.63,nan,9,Left,Left,66,17,17,8,nan,nan,0.23
10/22/2024 20:21:26,1.17.0,ClosedEcon_PR1,6,3.63,nan,9,Left,Left,67,17,17,8,nan,nan,0.09
10/22/2024 20:21:26,1.17.0,ClosedEcon_PR1,6,3.63,nan,9,Left,Left,68,17,17,8,nan,nan,0.21
10/22/2024 20:22:28,1.17.0,ClosedEcon_PR1,6,3.63,nan,9,Right,Left,68,18,17,8,nan,nan,0.18
10/22/2024 20:22:32,1.17.0,ClosedEcon_PR1,6,3.63,nan,9,Left,Left,69,18,17,8,nan,nan,0.01
10/22/2024 20:22:32,1.17.0,ClosedEcon_PR1,6,3.63,nan,9,Left,Left,70,18,17,8,nan,nan,0.02
10/22/2024 20:22:34,1.17.0,ClosedEcon_PR1,6,3.63,nan,9,Left,Left,71,18,17,8,nan,nan,0.07
10/22/2024 20:22:37,1.17.0,ClosedEcon_PR1,6,3.64,nan,9,Left,Left,72,18,17,8,nan,nan,0.09
10/22/2024 20:26:14,1.17.0,ClosedEcon_PR1,6,3.63,nan,9,Left,Left,73,18,17,8,nan,nan,0.11
10/22/2024 20:26:16,1.17.0,ClosedEcon_PR1,6,3.63,1,9,Pellet,Left,73,18,18,9,1.33,884,nan
10/22/2024 20:26:34,1.17.0,ClosedEcon_PR1,6,3.62,nan,10,Left,Left,74,18,18,9,nan,nan,0.09
10/22/2024 20:26:35,1.17.0,ClosedEcon_PR1,6,3.62,nan,10,Left,Left,75,18,18,9,nan,nan,0.52
10/22/2024 20:26:41,1.17.0,ClosedEcon_PR1,6,3.64,nan,10,Left,Left,76,18,18,9,nan,nan,0.28
10/22/2024 20:26:45,1.17.0,ClosedEcon_PR1,6,3.64,nan,10,Left,Left,77,18,18,9,nan,nan,0.38
10/22/2024 20:26:45,1.17.0,ClosedEcon_PR1,6,3.63,nan,10,Left,Left,78,18,18,9,nan,nan,0.15
10/22/2024 20:30:25,1.17.0,ClosedEcon_PR1,6,3.63,nan,10,Left,Left,79,18,18,9,nan,nan,0.25
10/22/2024 20:30:31,1.17.0,ClosedEcon_PR1,6,3.63,nan,10,Left,Left,80,18,18,9,nan,nan,0.11
10/22/2024 20:30:32,1.17.0,ClosedEcon_PR1,6,3.63,nan,10,Left,Left,81,18,18,9,nan,nan,0.06
10/22/2024 20:30:39,1.17.0,ClosedEcon_PR1,6,3.63,nan,10,Left,Left,82,18,18,9,nan,nan,0.50
10/22/2024 20:30:42,1.17.0,ClosedEcon_PR1,6,3.63,nan,10,Left,Left,83,18,18,9,nan,nan,0.13
10/22/2024 20:30:42,1.17.0,ClosedEcon_PR1,6,3.62,nan,10,LeftDuringDispense,Left,84,18,18,10,nan,nan,0.01
10/22/2024 20:30:48,1.17.0,ClosedEcon_PR1,6,3.63,2,10,Pellet,Left,84,18,19,10,2.91,272,nan
10/22/2024 20:31:10,1.17.0,ClosedEcon_PR1,6,3.63,nan,11,Left,Left,85,18,19,10,nan,nan,0.04
10/22/2024 20:31:12,1.17.0,ClosedEcon_PR1,6,3.63,nan,11,Left,Left,86,18,19,10,nan,nan,0.72
10/22/2024 20:31:15,1.17.0,ClosedEcon_PR1,6,3.63,nan,11,Left,Left,87,18,19,10,nan,nan,0.10
10/22/2024 20:31:18,1.17.0,ClosedEcon_PR1,6,3.64,nan,11,Left,Left,88,18,19,10,nan,nan,0.60
10/22/2024 20:31:23,1.17.0,ClosedEcon_PR1,6,3.63,nan,11,Left,Left,89,18,19,10,nan,nan,0.39
10/22/2024 20:40:17,1.17.0,ClosedEcon_PR1,6,3.62,nan,11,Right,Left,89,19,19,10,nan,nan,0.08
10/22/2024 20:43:41,1.17.0,ClosedEcon_PR1,6,3.63,nan,11,Left,Left,90,19,19,10,nan,nan,0.48
10/22/2024 20:46:26,1.17.0,ClosedEcon_PR1,6,3.63,nan,11,Right,Left,90,20,19,10,nan,nan,0.09
10/22/2024 20:48:16,1.17.0,ClosedEcon_PR1,6,3.63,nan,11,Left,Left,91,20,19,10,nan,nan,0.11
10/22/2024 20:48:21,1.17.0,ClosedEcon_PR1,6,3.63,nan,11,Left,Left,92,20,19,10,nan,nan,0.03
10/22/2024 20:56:20,1.17.0,ClosedEcon_PR1,6,3.62,nan,11,Left,Left,93,20,19,10,nan,nan,0.05
10/22/2024 20:56:25,1.17.0,ClosedEcon_PR1,6,3.64,nan,11,Left,Left,94,20,19,10,nan,nan,0.05
10/22/2024 20:59:55,1.17.0,ClosedEcon_PR1,6,3.63,nan,11,Left,Left,95,20,19,10,nan,nan,0.42
10/22/2024 20:59:57,1.17.0,ClosedEcon_PR1,6,3.63,1,11,Pellet,Left,95,20,20,11,0.76,1749,nan
10/22/2024 21:00:44,1.17.0,ClosedEcon_PR1,6,3.63,nan,12,Right,Left,95,21,20,11,nan,nan,0.19
10/22/2024 21:00:47,1.17.0,ClosedEcon_PR1,6,3.63,nan,12,Right,Left,95,22,20,11,nan,nan,0.26
10/22/2024 21:00:50,1.17.0,ClosedEcon_PR1,6,3.63,nan,12,Left,Left,96,22,20,11,nan,nan,0.02
10/22/2024 21:05:17,1.17.0,ClosedEcon_PR1,6,3.62,nan,12,Left,Left,97,22,20,11,nan,nan,0.04
10/22/2024 21:05:18,1.17.0,ClosedEcon_PR1,6,3.63,nan,12,Left,Left,98,22,20,11,nan,nan,0.12
10/22/2024 21:05:30,1.17.0,ClosedEcon_PR1,6,3.63,nan,12,Left,Left,99,22,20,11,nan,nan,0.00
10/22/2024 21:07:03,1.17.0,ClosedEcon_PR1,6,3.63,nan,12,Left,Left,100,22,20,11,nan,nan,0.12
10/22/2024 21:07:20,1.17.0,ClosedEcon_PR1,6,3.63,nan,12,Right,Left,100,23,20,11,nan,nan,0.04
10/22/2024 21:08:11,1.17.0,ClosedEcon_PR1,6,3.63,nan,12,Left,Left,101,23,20,11,nan,nan,0.08
10/22/2024 21:09:58,1.17.0,ClosedEcon_PR1,6,3.63,nan,12,Left,Left,102,23,20,11,nan,nan,0.15
10/22/2024 21:15:48,1.17.0,ClosedEcon_PR1,6,3.62,nan,12,Left,Left,103,23,20,11,nan,nan,0.16
10/22/2024 21:16:23,1.17.0,ClosedEcon_PR1,6,3.63,nan,12,Left,Left,104,23,20,11,nan,nan,0.18
10/22/2024 21:18:50,1.17.0,ClosedEcon_PR1,6,3.63,nan,12,Left,Left,105,23,20,11,nan,nan,0.02
10/22/2024 21:18:51,1.17.0,ClosedEcon_PR1,6,3.62,nan,12,Left,Left,106,23,20,11,nan,nan,0.10
10/22/2024 21:18:54,1.17.0,ClosedEcon_PR1,6,3.63,nan,12,Left,Left,107,23,20,11,nan,nan,0.02
10/22/2024 21:18:56,1.17.0,ClosedEcon_PR1,6,3.63,1,12,Pellet,Left,107,23,21,12,0.88,1139,nan
10/22/2024 21:19:23,1.17.0,ClosedEcon_PR1,6,3.62,nan,13,Left,Left,108,23,21,12,nan,nan,0.08
10/22/2024 21:19:35,1.17.0,ClosedEcon_PR1,6,3.62,nan,13,Right,Left,108,24,21,12,nan,nan,0.03
10/22/2024 21:19:36,1.17.0,ClosedEcon_PR1,6,3.63,nan,13,Right,Left,108,25,21,12,nan,nan,0.08
10/22/2024 21:19:41,1.17.0,ClosedEcon_PR1,6,3.63,nan,13,Right,Left,108,26,21,12,nan,nan,0.26
10/22/2024 21:19:50,1.17.0,ClosedEcon_PR1,6,3.63,nan,13,Left,Left,109,26,21,12,nan,nan,0.09
10/22/2024 21:19:52,1.17.0,ClosedEcon_PR1,6,3.62,nan,13,Left,Left,110,26,21,12,nan,nan,0.07
10/22/2024 21:28:08,1.17.0,ClosedEcon_PR1,6,3.63,nan,13,Left,Left,111,26,21,12,nan,nan,0.11
10/22/2024 21:29:04,1.17.0,ClosedEcon_PR1,6,3.63,nan,13,Left,Left,112,26,21,12,nan,nan,0.10
10/22/2024 21:29:14,1.17.0,ClosedEcon_PR1,6,3.62,nan,13,Left,Left,113,26,21,12,nan,nan,0.15
10/22/2024 21:29:18,1.17.0,ClosedEcon_PR1,6,3.63,nan,13,Left,Left,114,26,21,12,nan,nan,0.03
10/22/2024 21:29:20,1.17.0,ClosedEcon_PR1,6,3.63,nan,13,Left,Left,115,26,21,12,nan,nan,0.05
10/22/2024 21:29:20,1.17.0,ClosedEcon_PR1,6,3.63,nan,13,Left,Left,116,26,21,12,nan,nan,0.01
10/22/2024 21:30:24,1.17.0,ClosedEcon_PR1,6,3.64,nan,13,Left,Left,117,26,21,12,nan,nan,0.08
10/22/2024 21:43:02,1.17.0,ClosedEcon_PR1,6,3.63,nan,13,Right,Left,117,27,21,12,nan,nan,0.15
10/22/2024 21:43:04,1.17.0,ClosedEcon_PR1,6,3.62,nan,13,Right,Left,117,28,21,12,nan,nan,0.11
10/22/2024 21:45:17,1.17.0,ClosedEcon_PR1,6,3.63,nan,13,Left,Left,118,28,21,12,nan,nan,0.03
10/22/2024 21:45:18,1.17.0,ClosedEcon_PR1,6,3.63,nan,13,Left,Left,119,28,21,12,nan,nan,0.01
10/22/2024 21:45:24,1.17.0,ClosedEcon_PR1,6,3.62,nan,13,Left,Left,120,28,21,12,nan,nan,0.22
10/22/2024 21:45:25,1.17.0,ClosedEcon_PR1,6,3.63,1,13,Pellet,Left,120,28,22,13,0.63,1589,nan
10/22/2024 21:46:23,1.17.0,ClosedEcon_PR1,6,3.63,nan,14,Left,Left,121,28,22,13,nan,nan,0.07
10/22/2024 21:47:38,1.17.0,ClosedEcon_PR1,6,3.64,nan,14,Left,Left,122,28,22,13,nan,nan,0.05
10/22/2024 21:47:42,1.17.0,ClosedEcon_PR1,6,3.62,nan,14,Left,Left,123,28,22,13,nan,nan,0.11
10/22/2024 21:47:43,1.17.0,ClosedEcon_PR1,6,3.63,nan,14,Left,Left,124,28,22,13,nan,nan,0.24
10/22/2024 21:49:39,1.17.0,ClosedEcon_PR1,6,3.64,nan,14,Left,Left,125,28,22,13,nan,nan,0.04
10/22/2024 21:51:03,1.17.0,ClosedEcon_PR1,6,3.63,nan,14,Left,Left,126,28,22,13,nan,nan,0.13
10/22/2024 21:51:05,1.17.0,ClosedEcon_PR1,6,3.63,nan,14,Left,Left,127,28,22,13,nan,nan,0.57
10/22/2024 21:51:07,1.17.0,ClosedEcon_PR1,6,3.62,nan,14,Left,Left,128,28,22,13,nan,nan,0.39
10/22/2024 21:51:09,1.17.0,ClosedEcon_PR1,6,3.63,nan,14,Left,Left,129,28,22,13,nan,nan,0.02
10/22/2024 21:53:57,1.17.0,ClosedEcon_PR1,6,3.63,nan,14,Left,Left,130,28,22,13,nan,nan,0.07
10/22/2024 21:54:00,1.17.0,ClosedEcon_PR1,6,3.63,nan,14,Left,Left,131,28,22,13,nan,nan,0.83
10/22/2024 21:54:01,1.17.0,ClosedEcon_PR1,6,3.63,nan,14,Left,Left,132,28,22,13,nan,nan,0.06
10/22/2024 21:54:08,1.17.0,ClosedEcon_PR1,6,3.63,nan,14,Right,Left,132,29,22,13,nan,nan,0.51
10/22/2024 21:54:50,1.17.0,ClosedEcon_PR1,6,3.63,nan,14,Left,Left,133,29,22,13,nan,nan,0.02
10/22/2024 21:54:54,1.17.0,ClosedEcon_PR1,6,3.63,nan,14,Left,Left,134,29,22,13,nan,nan,0.26
10/22/2024 21:54:55,1.17.0,ClosedEcon_PR1,6,3.62,nan,14,LeftDuringDispense,Left,135,29,22,14,nan,nan,0.01
10/22/2024 21:54:58,1.17.0,ClosedEcon_PR1,6,3.63,2,14,Pellet,Left,135,29,23,14,0.75,573,nan
10/22/2024 21:55:28,1.17.0,ClosedEcon_PR1,6,3.63,nan,15,Right,Left,135,30,23,14,nan,nan,0.49
10/22/2024 21:55:38,1.17.0,ClosedEcon_PR1,6,3.62,nan,15,Left,Left,136,30,23,14,nan,nan,0.10
10/22/2024 21:55:40,1.17.0,ClosedEcon_PR1,6,3.63,nan,15,Left,Left,137,30,23,14,nan,nan,0.29
10/22/2024 22:43:36,1.17.0,ClosedEcon_PR1,6,3.63,nan,1,Left,Left,138,30,23,0,nan,nan,0.06
10/22/2024 22:43:39,1.17.0,ClosedEcon_PR1,6,3.62,1,1,Pellet,Left,138,30,24,1,1.45,2921,nan
10/22/2024 22:44:08,1.17.0,ClosedEcon_PR1,6,3.62,nan,2,Left,Left,139,30,24,1,nan,nan,0.17
10/22/2024 22:44:10,1.17.0,ClosedEcon_PR1,6,3.63,nan,2,Left,Left,140,30,24,1,nan,nan,0.49
10/22/2024 22:44:12,1.17.0,ClosedEcon_PR1,6,3.63,1,2,Pellet,Left,140,30,25,2,0.63,33,nan
10/22/2024 22:44:29,1.17.0,ClosedEcon_PR1,6,3.63,nan,3,Left,Left,141,30,25,2,nan,nan,0.13
10/22/2024 22:44:47,1.17.0,ClosedEcon_PR1,6,3.63,nan,3,Right,Left,141,31,25,2,nan,nan,0.11
10/22/2024 22:44:57,1.17.0,ClosedEcon_PR1,6,3.64,nan,3,Left,Left,142,31,25,2,nan,nan,0.70
10/22/2024 22:45:02,1.17.0,ClosedEcon_PR1,6,3.63,nan,3,Left,Left,143,31,25,2,nan,nan,0.14
10/22/2024 22:45:05,1.17.0,ClosedEcon_PR1,6,3.62,1,3,Pellet,Left,143,31,26,3,1.64,53,nan
10/22/2024 23:12:22,1.17.0,ClosedEcon_PR1,6,3.63,nan,4,Left,Left,144,31,26,3,nan,nan,0.31
10/22/2024 23:12:36,1.17.0,ClosedEcon_PR1,6,3.62,nan,4,Right,Left,144,32,26,3,nan,nan,0.13
10/22/2024 23:12:43,1.17.0,ClosedEcon_PR1,6,3.63,nan,4,Left,Left,145,32,26,3,nan,nan,0.00
10/22/2024 23:12:45,1.17.0,ClosedEcon_PR1,6,3.63,nan,4,Left,Left,146,32,26,3,nan,nan,0.39
10/22/2024 23:12:49,1.17.0,ClosedEcon_PR1,6,3.62,nan,4,Left,Left,147,32,26,3,nan,nan,0.86
10/22/2024 23:12:50,1.17.0,ClosedEcon_PR1,6,3.62,1,4,Pellet,Left,147,32,27,4,0.69,1665,nan
10/22/2024 23:13:43,1.17.0,ClosedEcon_PR1,6,3.63,nan,5,Right,Left,147,33,27,4,nan,nan,0.03
10/22/2024 23:13:45,1.17.0,ClosedEcon_PR1,6,3.62,nan,5,Right,Left,147,34,27,4,nan,nan,0.03
10/22/2024 23:13:55,1.17.0,ClosedEcon_PR1,6,3.63,nan,5,Left,Left,148,34,27,4,nan,nan,0.08
10/22/2024 23:13:57,1.17.0,ClosedEcon_PR1,6,3.63,nan,5,Left,Left,149,34,27,4,nan,nan,0.78
10/22/2024 23:14:26,1.17.0,ClosedEcon_PR1,6,3.63,nan,5,Left,Left,150,34,27,4,nan,nan,0.15
10/22/2024 23:46:58,1.17.0,ClosedEcon_PR1,6,3.63,nan,1,Left,Left,151,34,27,0,nan,nan,0.14
10/22/2024 23:47:01,1.17.0,ClosedEcon_PR1,6,3.63,2,1,Pellet,Left,151,34,28,1,1.58,2051,nan
10/22/2024 23:47:18,1.17.0,ClosedEcon_PR1,6,3.63,nan,2,Left,Left,152,34,28,1,nan,nan,0.29
10/22/2024 23:47:24,1.17.0,ClosedEcon_PR1,6,3.62,nan,2,Left,Left,153,34,28,1,nan,nan,0.29
10/22/2024 23:47:27,1.17.0,ClosedEcon_PR1,6,3.64,1,2,Pellet,Left,153,34,29,2,2.54,26,nan
10/22/2024 23:47:53,1.17.0,ClosedEcon_PR1,6,3.63,nan,3,Left,Left,154,34,29,2,nan,nan,0.16
10/22/2024 23:47:54,1.17.0,ClosedEcon_PR1,6,3.63,nan,3,Left,Left,155,34,29,2,nan,nan,0.00
10/22/2024 23:47:55,1.17.0,ClosedEcon_PR1,6,3.63,nan,3,Left,Left,156,34,29,2,nan,nan,0.06
10/22/2024 23:47:57,1.17.0,ClosedEcon_PR1,6,3.62,1,3,Pellet,Left,156,34,30,3,1.77,30,nan
10/22/2024 23:48:26,1.17.0,ClosedEcon_PR1,6,3.63,nan,4,Right,Left,156,35,30,3,nan,nan,0.17
10/22/2024 23:48:34,1.17.0,ClosedEcon_PR1,6,3.63,nan,4,Left,Left,157,35,30,3,nan,nan,0.09
10/22/2024 23:48:38,1.17.0,ClosedEcon_PR1,6,3.62,nan,4,Left,Left,158,35,30,3,nan,nan,0.09
10/22/2024 23:48:39,1.17.0,ClosedEcon_PR1,6,3.62,nan,4,Left,Left,159,35,30,3,nan,nan,0.00
10/22/2024 23:48:41,1.17.0,ClosedEcon_PR1,6,3.63,nan,4,Left,Left,160,35,30,3,nan,nan,0.80
10/22/2024 23:48:42,1.17.0,ClosedEcon_PR1,6,3.63,1,4,Pellet,Left,160,35,31,4,0.50,45,nan
10/22/2024 23:51:09,1.17.0,ClosedEcon_PR1,6,3.62,nan,5,Left,Left,161,35,31,4,nan,nan,0.11
10/22/2024 23:56:21,1.17.0,ClosedEcon_PR1,6,3.62,nan,5,Left,Left,162,35,31,4,nan,nan,0.20
10/22/2024 23:56:22,1.17.0,ClosedEcon_PR1,6,3.62,nan,5,Left,Left,163,35,31,4,nan,nan,0.27
10/23/2024 0:02:03,1.17.0,ClosedEcon_PR1,6,3.62,nan,5,Right,Left,163,36,31,4,nan,nan,0.09
10/23/2024 0:02:15,1.17.0,ClosedEcon_PR1,6,3.62,nan,5,Left,Left,164,36,31,4,nan,nan,0.10
10/23/2024 0:02:16,1.17.0,ClosedEcon_PR1,6,3.63,nan,5,Left,Left,165,36,31,4,nan,nan,0.43
10/23/2024 0:02:18,1.17.0,ClosedEcon_PR1,6,3.63,1,5,Pellet,Left,165,36,32,5,0.69,816,nan
10/23/2024 0:04:16,1.17.0,ClosedEcon_PR1,6,3.62,nan,6,Left,Left,166,36,32,5,nan,nan,0.11
10/23/2024 0:05:34,1.17.0,ClosedEcon_PR1,6,3.63,nan,6,Left,Left,167,36,32,5,nan,nan,0.04
10/23/2024 0:09:06,1.17.0,ClosedEcon_PR1,6,3.63,nan,6,Left,Left,168,36,32,5,nan,nan,0.10
10/23/2024 0:09:07,1.17.0,ClosedEcon_PR1,6,3.62,nan,6,Left,Left,169,36,32,5,nan,nan,0.30
10/23/2024 0:09:12,1.17.0,ClosedEcon_PR1,6,3.63,nan,6,Left,Left,170,36,32,5,nan,nan,0.20
10/23/2024 0:09:14,1.17.0,ClosedEcon_PR1,6,3.62,nan,6,Left,Left,171,36,32,5,nan,nan,0.19
10/23/2024 0:09:16,1.17.0,ClosedEcon_PR1,6,3.62,1,6,Pellet,Left,171,36,33,6,1.07,418,nan
10/23/2024 0:09:50,1.17.0,ClosedEcon_PR1,6,3.62,nan,7,Left,Left,172,36,33,6,nan,nan,0.16
10/23/2024 0:55:53,1.17.0,ClosedEcon_PR1,6,3.63,nan,1,Left,Left,173,36,33,0,nan,nan,0.33
10/23/2024 0:55:54,1.17.0,ClosedEcon_PR1,6,3.62,nan,1,LeftDuringDispense,Left,174,36,33,1,nan,nan,0.02
10/23/2024 0:55:57,1.17.0,ClosedEcon_PR1,6,3.62,2,1,Pellet,Left,174,36,34,1,0.56,2801,nan
10/23/2024 0:56:40,1.17.0,ClosedEcon_PR1,6,3.62,nan,2,Right,Left,174,37,34,1,nan,nan,0.04
10/23/2024 0:56:51,1.17.0,ClosedEcon_PR1,6,3.62,nan,2,Left,Left,175,37,34,1,nan,nan,0.10
10/23/2024 0:56:52,1.17.0,ClosedEcon_PR1,6,3.62,nan,2,Left,Left,176,37,34,1,nan,nan,0.03
10/23/2024 0:56:54,1.17.0,ClosedEcon_PR1,6,3.62,1,2,Pellet,Left,176,37,35,2,1.20,57,nan
10/23/2024 0:57:08,1.17.0,ClosedEcon_PR1,6,3.62,nan,3,Left,Left,177,37,35,2,nan,nan,0.04
10/23/2024 0:57:08,1.17.0,ClosedEcon_PR1,6,3.63,nan,3,Left,Left,178,37,35,2,nan,nan,0.00
10/23/2024 0:57:11,1.17.0,ClosedEcon_PR1,6,3.63,nan,3,Left,Left,179,37,35,2,nan,nan,0.64
10/23/2024 0:57:11,1.17.0,ClosedEcon_PR1,6,3.63,nan,3,LeftDuringDispense,Left,180,37,35,3,nan,nan,0.03
10/23/2024 0:57:15,1.17.0,ClosedEcon_PR1,6,3.62,3,3,Pellet,Left,180,37,36,3,0.57,21,nan
10/23/2024 0:57:42,1.17.0,ClosedEcon_PR1,6,3.62,nan,4,Left,Left,181,37,36,3,nan,nan,0.08
10/23/2024 0:57:43,1.17.0,ClosedEcon_PR1,6,3.62,nan,4,Left,Left,182,37,36,3,nan,nan,0.09
10/23/2024 0:57:45,1.17.0,ClosedEcon_PR1,6,3.62,nan,4,Left,Left,183,37,36,3,nan,nan,0.34
10/23/2024 0:57:57,1.17.0,ClosedEcon_PR1,6,3.63,nan,4,Left,Left,184,37,36,3,nan,nan,0.14
10/23/2024 0:57:58,1.17.0,ClosedEcon_PR1,6,3.63,1,4,Pellet,Left,184,37,37,4,0.95,43,nan
10/23/2024 0:58:26,1.17.0,ClosedEcon_PR1,6,3.62,nan,5,Left,Left,185,37,37,4,nan,nan,0.41
10/23/2024 0:58:35,1.17.0,ClosedEcon_PR1,6,3.63,nan,5,Right,Left,185,38,37,4,nan,nan,0.07
10/23/2024 0:58:37,1.17.0,ClosedEcon_PR1,6,3.62,nan,5,Right,Left,185,39,37,4,nan,nan,0.33
10/23/2024 0:59:02,1.17.0,ClosedEcon_PR1,6,3.62,nan,5,Left,Left,186,39,37,4,nan,nan,0.08
10/23/2024 1:04:05,1.17.0,ClosedEcon_PR1,6,3.62,nan,5,Left,Left,187,39,37,4,nan,nan,0.02
10/23/2024 1:04:06,1.17.0,ClosedEcon_PR1,6,3.63,nan,5,Left,Left,188,39,37,4,nan,nan,0.20
10/23/2024 1:04:08,1.17.0,ClosedEcon_PR1,6,3.63,nan,5,Left,Left,189,39,37,4,nan,nan,0.07
10/23/2024 1:04:10,1.17.0,ClosedEcon_PR1,6,3.63,2,5,Pellet,Left,189,39,38,5,0.82,372,nan
10/23/2024 1:04:29,1.17.0,ClosedEcon_PR1,6,3.63,nan,6,Left,Left,190,39,38,5,nan,nan,0.42
10/23/2024 1:05:12,1.17.0,ClosedEcon_PR1,6,3.62,nan,6,Left,Left,191,39,38,5,nan,nan,0.08
10/23/2024 1:05:13,1.17.0,ClosedEcon_PR1,6,3.63,nan,6,Left,Left,192,39,38,5,nan,nan,0.16
10/23/2024 1:05:16,1.17.0,ClosedEcon_PR1,6,3.62,nan,6,Left,Left,193,39,38,5,nan,nan,0.05
10/23/2024 1:05:17,1.17.0,ClosedEcon_PR1,6,3.62,nan,6,Left,Left,194,39,38,5,nan,nan,0.27
10/23/2024 1:05:21,1.17.0,ClosedEcon_PR1,6,3.63,nan,6,Right,Left,194,40,38,5,nan,nan,0.19
10/23/2024 1:10:09,1.17.0,ClosedEcon_PR1,6,3.63,nan,6,Right,Left,194,41,38,5,nan,nan,0.13
10/23/2024 1:12:54,1.17.0,ClosedEcon_PR1,6,3.62,nan,6,Left,Left,195,41,38,5,nan,nan,0.10
10/23/2024 1:12:56,1.17.0,ClosedEcon_PR1,6,3.63,1,6,Pellet,Left,195,41,39,6,0.63,526,nan
10/23/2024 1:13:12,1.17.0,ClosedEcon_PR1,6,3.62,nan,7,Left,Left,196,41,39,6,nan,nan,0.04
10/23/2024 1:13:13,1.17.0,ClosedEcon_PR1,6,3.62,nan,7,Left,Left,197,41,39,6,nan,nan,0.00
10/23/2024 1:13:17,1.17.0,ClosedEcon_PR1,6,3.63,nan,7,Left,Left,198,41,39,6,nan,nan,0.26
10/23/2024 1:13:18,1.17.0,ClosedEcon_PR1,6,3.62,nan,7,Left,Left,199,41,39,6,nan,nan,0.28
10/23/2024 1:15:53,1.17.0,ClosedEcon_PR1,6,3.62,nan,7,Left,Left,200,41,39,6,nan,nan,0.11
10/23/2024 1:15:55,1.17.0,ClosedEcon_PR1,6,3.62,nan,7,Left,Left,201,41,39,6,nan,nan,0.07
10/23/2024 1:15:55,1.17.0,ClosedEcon_PR1,6,3.62,nan,7,Left,Left,202,41,39,6,nan,nan,0.28
10/23/2024 1:15:57,1.17.0,ClosedEcon_PR1,6,3.62,1,7,Pellet,Left,202,41,40,7,0.88,181,nan
10/23/2024 1:16:21,1.17.0,ClosedEcon_PR1,6,3.63,nan,8,Left,Left,203,41,40,7,nan,nan,0.04
10/23/2024 1:21:11,1.17.0,ClosedEcon_PR1,6,3.62,nan,8,Left,Left,204,41,40,7,nan,nan,0.09
10/23/2024 1:22:23,1.17.0,ClosedEcon_PR1,6,3.63,nan,8,Left,Left,205,41,40,7,nan,nan,0.00
10/23/2024 1:22:25,1.17.0,ClosedEcon_PR1,6,3.62,nan,8,Left,Left,206,41,40,7,nan,nan,0.43
10/23/2024 1:22:27,1.17.0,ClosedEcon_PR1,6,3.62,nan,8,Left,Left,207,41,40,7,nan,nan,0.05
10/23/2024 1:22:35,1.17.0,ClosedEcon_PR1,6,3.62,nan,8,Left,Left,208,41,40,7,nan,nan,0.01
10/23/2024 1:22:36,1.17.0,ClosedEcon_PR1,6,3.62,nan,8,Left,Left,209,41,40,7,nan,nan,0.11
10/23/2024 1:24:56,1.17.0,ClosedEcon_PR1,6,3.62,nan,8,Left,Left,210,41,40,7,nan,nan,0.01
10/23/2024 1:24:58,1.17.0,ClosedEcon_PR1,6,3.63,1,8,Pellet,Left,210,41,41,8,1.01,541,nan
10/23/2024 1:25:34,1.17.0,ClosedEcon_PR1,6,3.62,nan,9,Left,Left,211,41,41,8,nan,nan,0.02
10/23/2024 1:25:36,1.17.0,ClosedEcon_PR1,6,3.63,nan,9,Left,Left,212,41,41,8,nan,nan,0.07
10/23/2024 1:26:00,1.17.0,ClosedEcon_PR1,6,3.62,nan,9,Right,Left,212,42,41,8,nan,nan,0.00
10/23/2024 1:26:02,1.17.0,ClosedEcon_PR1,6,3.62,nan,9,Right,Left,212,43,41,8,nan,nan,0.20
10/23/2024 1:26:42,1.17.0,ClosedEcon_PR1,6,3.62,nan,9,Left,Left,213,43,41,8,nan,nan,0.09
10/23/2024 1:26:43,1.17.0,ClosedEcon_PR1,6,3.63,nan,9,Left,Left,214,43,41,8,nan,nan,0.12
10/23/2024 1:26:44,1.17.0,ClosedEcon_PR1,6,3.63,nan,9,Left,Left,215,43,41,8,nan,nan,0.00
10/23/2024 1:26:46,1.17.0,ClosedEcon_PR1,6,3.62,nan,9,Left,Left,216,43,41,8,nan,nan,0.04
10/23/2024 1:26:47,1.17.0,ClosedEcon_PR1,6,3.62,nan,9,Left,Left,217,43,41,8,nan,nan,0.38
10/23/2024 1:30:13,1.17.0,ClosedEcon_PR1,6,3.62,nan,9,Left,Left,218,43,41,8,nan,nan,0.02
10/23/2024 1:30:33,1.17.0,ClosedEcon_PR1,6,3.63,nan,9,Left,Left,219,43,41,8,nan,nan,0.01
10/23/2024 1:30:35,1.17.0,ClosedEcon_PR1,6,3.63,1,9,Pellet,Left,219,43,42,9,1.20,337,nan
10/23/2024 1:39:57,1.17.0,ClosedEcon_PR1,6,3.62,nan,10,Left,Left,220,43,42,9,nan,nan,0.04
10/23/2024 1:39:59,1.17.0,ClosedEcon_PR1,6,3.62,nan,10,Left,Left,221,43,42,9,nan,nan,0.06
10/23/2024 3:14:12,1.17.0,ClosedEcon_PR1,6,3.62,nan,1,Left,Left,222,43,42,0,nan,nan,0.01
10/23/2024 3:14:12,1.17.0,ClosedEcon_PR1,6,3.62,nan,1,LeftDuringDispense,Left,223,43,42,1,nan,nan,0.01
10/23/2024 3:14:16,1.17.0,ClosedEcon_PR1,6,3.62,3,1,Pellet,Left,223,43,43,1,0.69,6221,nan
10/23/2024 3:14:38,1.17.0,ClosedEcon_PR1,6,3.63,nan,2,Left,Left,224,43,43,1,nan,nan,0.11
10/23/2024 3:14:43,1.17.0,ClosedEcon_PR1,6,3.62,nan,2,Left,Left,225,43,43,1,nan,nan,0.08
10/23/2024 3:14:46,1.17.0,ClosedEcon_PR1,6,3.62,2,2,Pellet,Left,225,43,44,2,2.15,30,nan
10/23/2024 3:15:04,1.17.0,ClosedEcon_PR1,6,3.62,nan,3,Left,Left,226,43,44,2,nan,nan,0.14
10/23/2024 3:15:06,1.17.0,ClosedEcon_PR1,6,3.62,nan,3,Left,Left,227,43,44,2,nan,nan,0.16
10/23/2024 3:15:08,1.17.0,ClosedEcon_PR1,6,3.62,nan,3,Left,Left,228,43,44,2,nan,nan,0.00
10/23/2024 3:15:10,1.17.0,ClosedEcon_PR1,6,3.62,1,3,Pellet,Left,228,43,45,3,1.45,24,nan
10/23/2024 3:15:35,1.17.0,ClosedEcon_PR1,6,3.63,nan,4,Left,Left,229,43,45,3,nan,nan,0.09
10/23/2024 3:15:36,1.17.0,ClosedEcon_PR1,6,3.62,nan,4,Left,Left,230,43,45,3,nan,nan,0.02
10/23/2024 3:15:37,1.17.0,ClosedEcon_PR1,6,3.62,nan,4,Left,Left,231,43,45,3,nan,nan,0.00
10/23/2024 3:15:40,1.17.0,ClosedEcon_PR1,6,3.62,nan,4,Left,Left,232,43,45,3,nan,nan,0.64
10/23/2024 3:15:41,1.17.0,ClosedEcon_PR1,6,3.62,nan,4,LeftDuringDispense,Left,233,43,45,4,nan,nan,0.02
10/23/2024 3:15:45,1.17.0,ClosedEcon_PR1,6,3.62,2,4,Pellet,Left,233,43,46,4,0.95,35,nan
10/23/2024 3:16:19,1.17.0,ClosedEcon_PR1,6,3.63,nan,5,Left,Left,234,43,46,4,nan,nan,0.18
10/23/2024 3:16:20,1.17.0,ClosedEcon_PR1,6,3.62,nan,5,Left,Left,235,43,46,4,nan,nan,0.41
10/23/2024 3:16:45,1.17.0,ClosedEcon_PR1,6,3.62,nan,5,Right,Left,235,44,46,4,nan,nan,0.37
10/23/2024 3:16:51,1.17.0,ClosedEcon_PR1,6,3.62,nan,5,Right,Left,235,45,46,4,nan,nan,0.26
10/23/2024 4:13:54,1.17.0,ClosedEcon_PR1,6,3.62,nan,1,Left,Left,236,45,46,0,nan,nan,0.15
10/23/2024 4:13:56,1.17.0,ClosedEcon_PR1,6,3.62,2,1,Pellet,Left,236,45,47,1,0.63,3491,nan
10/23/2024 4:14:21,1.17.0,ClosedEcon_PR1,6,3.62,nan,2,Right,Left,236,46,47,1,nan,nan,0.04
10/23/2024 4:14:28,1.17.0,ClosedEcon_PR1,6,3.62,nan,2,Left,Left,237,46,47,1,nan,nan,0.31
10/23/2024 4:14:30,1.17.0,ClosedEcon_PR1,6,3.62,nan,2,Left,Left,238,46,47,1,nan,nan,0.90
10/23/2024 4:14:31,1.17.0,ClosedEcon_PR1,6,3.62,1,2,Pellet,Left,238,46,48,2,0.76,35,nan
10/23/2024 4:14:48,1.17.0,ClosedEcon_PR1,6,3.62,nan,3,Left,Left,239,46,48,2,nan,nan,0.10
10/23/2024 4:46:00,1.17.0,ClosedEcon_PR1,6,3.62,nan,1,Left,Left,240,46,48,0,nan,nan,0.28
10/23/2024 4:46:00,1.17.0,ClosedEcon_PR1,6,3.62,nan,1,LeftDuringDispense,Left,241,46,48,1,nan,nan,0.02
10/23/2024 4:46:04,1.17.0,ClosedEcon_PR1,6,3.62,2,1,Pellet,Left,241,46,49,1,0.95,1893,nan
10/23/2024 4:46:19,1.17.0,ClosedEcon_PR1,6,3.62,nan,2,Left,Left,242,46,49,1,nan,nan,0.02
10/23/2024 4:46:20,1.17.0,ClosedEcon_PR1,6,3.63,nan,2,Left,Left,243,46,49,1,nan,nan,0.00
10/23/2024 4:46:23,1.17.0,ClosedEcon_PR1,6,3.62,1,2,Pellet,Left,243,46,50,2,2.09,19,nan
10/23/2024 4:46:51,1.17.0,ClosedEcon_PR1,6,3.62,nan,3,Left,Left,244,46,50,2,nan,nan,0.08
10/23/2024 4:46:52,1.17.0,ClosedEcon_PR1,6,3.62,nan,3,Left,Left,245,46,50,2,nan,nan,0.38
10/23/2024 4:46:58,1.17.0,ClosedEcon_PR1,6,3.62,nan,3,Left,Left,246,46,50,2,nan,nan,0.33
10/23/2024 4:47:00,1.17.0,ClosedEcon_PR1,6,3.62,1,3,Pellet,Left,246,46,51,3,0.82,37,nan
10/23/2024 4:47:25,1.17.0,ClosedEcon_PR1,6,3.62,nan,4,Right,Left,246,47,51,3,nan,nan,0.06
10/23/2024 4:48:43,1.17.0,ClosedEcon_PR1,6,3.62,nan,4,Left,Left,247,47,51,3,nan,nan,0.28
10/23/2024 4:48:44,1.17.0,ClosedEcon_PR1,6,3.62,nan,4,Left,Left,248,47,51,3,nan,nan,0.10
10/23/2024 4:48:45,1.17.0,ClosedEcon_PR1,6,3.62,nan,4,Left,Left,249,47,51,3,nan,nan,0.01
10/23/2024 4:50:07,1.17.0,ClosedEcon_PR1,6,3.62,nan,4,Left,Left,250,47,51,3,nan,nan,0.01
10/23/2024 4:50:07,1.17.0,ClosedEcon_PR1,6,3.62,nan,4,LeftDuringDispense,Left,251,47,51,4,nan,nan,0.01
10/23/2024 4:50:11,1.17.0,ClosedEcon_PR1,6,3.62,3,4,Pellet,Left,251,47,52,4,1.13,191,nan
10/23/2024 4:50:25,1.17.0,ClosedEcon_PR1,6,3.62,nan,5,Left,Left,252,47,52,4,nan,nan,0.10
10/23/2024 4:50:29,1.17.0,ClosedEcon_PR1,6,3.62,nan,5,Left,Left,253,47,52,4,nan,nan,0.19
10/23/2024 5:14:05,1.17.0,ClosedEcon_PR1,6,3.62,nan,5,Left,Left,254,47,52,4,nan,nan,0.04
10/23/2024 5:14:09,1.17.0,ClosedEcon_PR1,6,3.62,nan,5,Left,Left,255,47,52,4,nan,nan,0.33
10/23/2024 5:14:12,1.17.0,ClosedEcon_PR1,6,3.62,nan,5,Left,Left,256,47,52,4,nan,nan,0.28
10/23/2024 5:14:13,1.17.0,ClosedEcon_PR1,6,3.62,1,5,Pellet,Left,256,47,53,5,0.37,1442,nan
10/23/2024 5:14:29,1.17.0,ClosedEcon_PR1,6,3.62,nan,6,Left,Left,257,47,53,5,nan,nan,0.20
10/23/2024 5:14:31,1.17.0,ClosedEcon_PR1,6,3.62,nan,6,Left,Left,258,47,53,5,nan,nan,0.38
10/23/2024 5:14:51,1.17.0,ClosedEcon_PR1,6,3.62,nan,6,Right,Left,258,48,53,5,nan,nan,0.01
10/23/2024 5:14:52,1.17.0,ClosedEcon_PR1,6,3.62,nan,6,Right,Left,258,49,53,5,nan,nan,0.09
10/23/2024 5:14:59,1.17.0,ClosedEcon_PR1,6,3.62,nan,6,Left,Left,259,49,53,5,nan,nan,0.02
10/23/2024 5:15:00,1.17.0,ClosedEcon_PR1,6,3.62,nan,6,Left,Left,260,49,53,5,nan,nan,0.43
10/23/2024 5:15:02,1.17.0,ClosedEcon_PR1,6,3.62,nan,6,Left,Left,261,49,53,5,nan,nan,0.04
10/23/2024 5:15:04,1.17.0,ClosedEcon_PR1,6,3.62,nan,6,Left,Left,262,49,53,5,nan,nan,0.12
10/23/2024 5:15:05,1.17.0,ClosedEcon_PR1,6,3.62,1,6,Pellet,Left,262,49,54,6,0.63,52,nan
10/23/2024 5:15:38,1.17.0,ClosedEcon_PR1,6,3.62,nan,7,Right,Left,262,50,54,6,nan,nan,0.04
10/23/2024 5:19:46,1.17.0,ClosedEcon_PR1,6,3.62,nan,7,Left,Left,263,50,54,6,nan,nan,0.06
10/23/2024 5:19:48,1.17.0,ClosedEcon_PR1,6,3.62,nan,7,Left,Left,264,50,54,6,nan,nan,0.15
10/23/2024 5:38:54,1.17.0,ClosedEcon_PR1,6,3.62,nan,7,Left,Left,265,50,54,6,nan,nan,0.02
10/23/2024 5:39:29,1.17.0,ClosedEcon_PR1,6,3.62,nan,7,Left,Left,266,50,54,6,nan,nan,0.10
10/23/2024 5:39:30,1.17.0,ClosedEcon_PR1,6,3.62,nan,7,Left,Left,267,50,54,6,nan,nan,0.01
10/23/2024 5:39:31,1.17.0,ClosedEcon_PR1,6,3.62,nan,7,Left,Left,268,50,54,6,nan,nan,0.13
10/23/2024 5:39:33,1.17.0,ClosedEcon_PR1,6,3.62,nan,7,Left,Left,269,50,54,6,nan,nan,0.06
10/23/2024 5:39:34,1.17.0,ClosedEcon_PR1,6,3.62,1,7,Pellet,Left,269,50,55,7,0.76,1469,nan
10/23/2024 5:40:00,1.17.0,ClosedEcon_PR1,6,3.62,nan,8,Left,Left,270,50,55,7,nan,nan,0.05
10/23/2024 5:48:32,1.17.0,ClosedEcon_PR1,6,3.62,nan,8,Right,Left,270,51,55,7,nan,nan,0.21
10/23/2024 5:54:21,1.17.0,ClosedEcon_PR1,6,3.62,nan,8,Left,Left,271,51,55,7,nan,nan,0.08
10/23/2024 5:54:23,1.17.0,ClosedEcon_PR1,6,3.62,nan,8,Left,Left,272,51,55,7,nan,nan,0.22
10/23/2024 5:54:49,1.17.0,ClosedEcon_PR1,6,3.62,nan,8,Left,Left,273,51,55,7,nan,nan,0.07
10/23/2024 5:54:49,1.17.0,ClosedEcon_PR1,6,3.62,nan,8,Left,Left,274,51,55,7,nan,nan,0.00
10/23/2024 5:54:51,1.17.0,ClosedEcon_PR1,6,3.62,nan,8,Left,Left,275,51,55,7,nan,nan,0.41
10/23/2024 5:54:53,1.17.0,ClosedEcon_PR1,6,3.62,nan,8,Left,Left,276,51,55,7,nan,nan,0.10
10/23/2024 5:54:54,1.17.0,ClosedEcon_PR1,6,3.62,nan,8,Left,Left,277,51,55,7,nan,nan,0.25
10/23/2024 5:54:55,1.17.0,ClosedEcon_PR1,6,3.62,nan,8,LeftDuringDispense,Left,278,51,55,8,nan,nan,0.03
10/23/2024 5:55:00,1.17.0,ClosedEcon_PR1,6,3.62,3,8,Pellet,Left,278,51,56,8,0.44,926,nan
10/23/2024 5:55:32,1.17.0,ClosedEcon_PR1,6,3.62,nan,9,Right,Left,278,52,56,8,nan,nan,0.27
10/23/2024 5:55:33,1.17.0,ClosedEcon_PR1,6,3.62,nan,9,Right,Left,278,53,56,8,nan,nan,0.04
10/23/2024 5:57:26,1.17.0,ClosedEcon_PR1,6,3.62,nan,9,Left,Left,279,53,56,8,nan,nan,0.12
10/23/2024 5:58:31,1.17.0,ClosedEcon_PR1,6,3.62,nan,9,Left,Left,280,53,56,8,nan,nan,0.09
10/23/2024 5:59:51,1.17.0,ClosedEcon_PR1,6,3.63,nan,9,Left,Left,281,53,56,8,nan,nan,0.10
10/23/2024 6:01:57,1.17.0,ClosedEcon_PR1,6,3.62,nan,9,Left,Left,282,53,56,8,nan,nan,0.07
10/23/2024 6:02:03,1.17.0,ClosedEcon_PR1,6,3.62,nan,9,Left,Left,283,53,56,8,nan,nan,0.00
10/23/2024 6:16:16,1.17.0,ClosedEcon_PR1,6,3.62,nan,9,Left,Left,284,53,56,8,nan,nan,0.02
10/23/2024 6:16:19,1.17.0,ClosedEcon_PR1,6,3.62,nan,9,Left,Left,285,53,56,8,nan,nan,0.40
10/23/2024 6:16:25,1.17.0,ClosedEcon_PR1,6,3.62,nan,9,Left,Left,286,53,56,8,nan,nan,0.00
10/23/2024 6:16:33,1.17.0,ClosedEcon_PR1,6,3.62,nan,9,Right,Left,286,54,56,8,nan,nan,0.16
10/23/2024 6:16:36,1.17.0,ClosedEcon_PR1,6,3.62,nan,9,Left,Left,287,54,56,8,nan,nan,0.08
10/23/2024 6:16:38,1.17.0,ClosedEcon_PR1,6,3.62,1,9,Pellet,Left,287,54,57,9,1.14,1298,nan
10/23/2024 6:17:16,1.17.0,ClosedEcon_PR1,6,3.62,nan,10,Left,Left,288,54,57,9,nan,nan,0.00
10/23/2024 6:17:18,1.17.0,ClosedEcon_PR1,6,3.62,nan,10,Left,Left,289,54,57,9,nan,nan,0.01
10/23/2024 6:17:22,1.17.0,ClosedEcon_PR1,6,3.62,nan,10,Left,Left,290,54,57,9,nan,nan,0.10
10/23/2024 6:17:23,1.17.0,ClosedEcon_PR1,6,3.62,nan,10,Left,Left,291,54,57,9,nan,nan,0.06
10/23/2024 6:17:24,1.17.0,ClosedEcon_PR1,6,3.62,nan,10,Left,Left,292,54,57,9,nan,nan,0.27
10/23/2024 6:17:25,1.17.0,ClosedEcon_PR1,6,3.62,nan,10,Left,Left,293,54,57,9,nan,nan,0.00
10/23/2024 6:17:26,1.17.0,ClosedEcon_PR1,6,3.62,nan,10,Left,Left,294,54,57,9,nan,nan,0.13
10/23/2024 6:17:27,1.17.0,ClosedEcon_PR1,6,3.62,nan,10,Left,Left,295,54,57,9,nan,nan,0.06
10/23/2024 6:17:28,1.17.0,ClosedEcon_PR1,6,3.62,nan,10,Left,Left,296,54,57,9,nan,nan,0.39
10/23/2024 6:18:29,1.17.0,ClosedEcon_PR1,6,3.62,nan,10,Right,Left,296,55,57,9,nan,nan,0.08
10/23/2024 6:20:49,1.17.0,ClosedEcon_PR1,6,3.62,nan,10,Left,Left,297,55,57,9,nan,nan,0.24
10/23/2024 6:20:50,1.17.0,ClosedEcon_PR1,6,3.62,1,10,Pellet,Left,297,55,58,10,0.38,252,nan
10/23/2024 6:21:17,1.17.0,ClosedEcon_PR1,6,3.62,nan,11,Left,Left,298,55,58,10,nan,nan,0.26
10/23/2024 6:21:50,1.17.0,ClosedEcon_PR1,6,3.62,nan,11,Left,Left,299,55,58,10,nan,nan,0.01
10/23/2024 6:28:17,1.17.0,ClosedEcon_PR1,6,3.62,nan,11,Left,Left,300,55,58,10,nan,nan,0.07
10/23/2024 6:28:19,1.17.0,ClosedEcon_PR1,6,3.62,nan,11,Left,Left,301,55,58,10,nan,nan,0.24
10/23/2024 6:28:19,1.17.0,ClosedEcon_PR1,6,3.62,nan,11,Left,Left,302,55,58,10,nan,nan,0.00
10/23/2024 6:28:21,1.17.0,ClosedEcon_PR1,6,3.62,nan,11,Left,Left,303,55,58,10,nan,nan,0.04
10/23/2024 6:28:22,1.17.0,ClosedEcon_PR1,6,3.62,nan,11,Left,Left,304,55,58,10,nan,nan,0.22
10/23/2024 6:28:24,1.17.0,ClosedEcon_PR1,6,3.62,nan,11,Left,Left,305,55,58,10,nan,nan,0.17
10/23/2024 6:28:25,1.17.0,ClosedEcon_PR1,6,3.62,nan,11,Left,Left,306,55,58,10,nan,nan,0.18
10/23/2024 6:28:27,1.17.0,ClosedEcon_PR1,6,3.62,nan,11,Left,Left,307,55,58,10,nan,nan,0.09
10/23/2024 6:28:28,1.17.0,ClosedEcon_PR1,6,3.62,nan,11,Left,Left,308,55,58,10,nan,nan,0.00
10/23/2024 6:28:29,1.17.0,ClosedEcon_PR1,6,3.62,1,11,Pellet,Left,308,55,59,11,0.44,459,nan
10/23/2024 6:31:07,1.17.0,ClosedEcon_PR1,6,3.62,nan,12,Left,Left,309,55,59,11,nan,nan,0.04
10/23/2024 7:43:38,1.17.0,ClosedEcon_PR1,6,3.62,nan,1,Left,Left,310,55,59,0,nan,nan,0.12
10/23/2024 7:43:39,1.17.0,ClosedEcon_PR1,6,3.62,1,1,Pellet,Left,310,55,60,1,0.56,4510,nan
10/23/2024 7:43:56,1.17.0,ClosedEcon_PR1,6,3.62,nan,2,Left,Left,311,55,60,1,nan,nan,0.04
10/23/2024 7:43:57,1.17.0,ClosedEcon_PR1,6,3.62,nan,2,Left,Left,312,55,60,1,nan,nan,0.00
10/23/2024 7:43:59,1.17.0,ClosedEcon_PR1,6,3.62,1,2,Pellet,Left,312,55,61,2,1.20,20,nan
10/23/2024 7:44:17,1.17.0,ClosedEcon_PR1,6,3.62,nan,3,Left,Left,313,55,61,2,nan,nan,0.04
10/23/2024 7:44:18,1.17.0,ClosedEcon_PR1,6,3.62,nan,3,Left,Left,314,55,61,2,nan,nan,0.36
10/23/2024 7:44:20,1.17.0,ClosedEcon_PR1,6,3.62,nan,3,Left,Left,315,55,61,2,nan,nan,0.03
10/23/2024 7:44:20,1.17.0,ClosedEcon_PR1,6,3.62,nan,3,LeftDuringDispense,Left,316,55,61,3,nan,nan,0.03
10/23/2024 7:44:24,1.17.0,ClosedEcon_PR1,6,3.62,2,3,Pellet,Left,316,55,62,3,1.07,25,nan
10/23/2024 7:44:55,1.17.0,ClosedEcon_PR1,6,3.62,nan,4,Left,Left,317,55,62,3,nan,nan,0.58
10/23/2024 7:45:17,1.17.0,ClosedEcon_PR1,6,3.62,nan,4,Left,Left,318,55,62,3,nan,nan,0.10
10/23/2024 7:45:18,1.17.0,ClosedEcon_PR1,6,3.62,nan,4,Left,Left,319,55,62,3,nan,nan,0.27
10/23/2024 7:45:21,1.17.0,ClosedEcon_PR1,6,3.62,nan,4,Left,Left,320,55,62,3,nan,nan,0.16
10/23/2024 7:45:23,1.17.0,ClosedEcon_PR1,6,3.62,1,4,Pellet,Left,320,55,63,4,1.52,59,nan
10/23/2024 7:45:38,1.17.0,ClosedEcon_PR1,6,3.62,nan,5,Left,Left,321,55,63,4,nan,nan,0.20
10/23/2024 7:45:39,1.17.0,ClosedEcon_PR1,6,3.62,nan,5,Left,Left,322,55,63,4,nan,nan,0.14
10/23/2024 7:45:40,1.17.0,ClosedEcon_PR1,6,3.62,nan,5,Left,Left,323,55,63,4,nan,nan,0.10
10/23/2024 7:45:41,1.17.0,ClosedEcon_PR1,6,3.62,nan,5,Left,Left,324,55,63,4,nan,nan,0.02
10/23/2024 7:45:42,1.17.0,ClosedEcon_PR1,6,3.62,nan,5,Left,Left,325,55,63,4,nan,nan,0.03
10/23/2024 7:45:43,1.17.0,ClosedEcon_PR1,6,3.62,nan,5,LeftDuringDispense,Left,326,55,63,5,nan,nan,0.03
10/23/2024 7:45:46,1.17.0,ClosedEcon_PR1,6,3.62,2,5,Pellet,Left,326,55,64,5,0.88,23,nan
10/23/2024 7:47:33,1.17.0,ClosedEcon_PR1,6,3.62,nan,6,Left,Left,327,55,64,5,nan,nan,0.08
10/23/2024 7:48:49,1.17.0,ClosedEcon_PR1,6,3.62,nan,6,Left,Left,328,55,64,5,nan,nan,0.05
10/23/2024 7:48:50,1.17.0,ClosedEcon_PR1,6,3.62,nan,6,Left,Left,329,55,64,5,nan,nan,0.22
10/23/2024 7:48:52,1.17.0,ClosedEcon_PR1,6,3.62,nan,6,Left,Left,330,55,64,5,nan,nan,0.21
10/23/2024 7:48:53,1.17.0,ClosedEcon_PR1,6,3.62,nan,6,Left,Left,331,55,64,5,nan,nan,0.14
10/23/2024 7:48:55,1.17.0,ClosedEcon_PR1,6,3.62,nan,6,Left,Left,332,55,64,5,nan,nan,0.19
10/23/2024 7:48:56,1.17.0,ClosedEcon_PR1,6,3.62,1,6,Pellet,Left,332,55,65,6,0.95,190,nan
10/23/2024 7:49:25,1.17.0,ClosedEcon_PR1,6,3.62,nan,7,Right,Left,332,56,65,6,nan,nan,0.32
10/23/2024 7:52:51,1.17.0,ClosedEcon_PR1,6,3.62,nan,7,Left,Left,333,56,65,6,nan,nan,0.01
10/23/2024 7:56:48,1.17.0,ClosedEcon_PR1,6,3.62,nan,7,Left,Left,334,56,65,6,nan,nan,0.05
10/23/2024 7:56:55,1.17.0,ClosedEcon_PR1,6,3.62,nan,7,Left,Left,335,56,65,6,nan,nan,0.01
10/23/2024 7:56:57,1.17.0,ClosedEcon_PR1,6,3.62,nan,7,Left,Left,336,56,65,6,nan,nan,0.02
10/23/2024 7:56:58,1.17.0,ClosedEcon_PR1,6,3.62,nan,7,Left,Left,337,56,65,6,nan,nan,0.00
10/23/2024 7:57:53,1.17.0,ClosedEcon_PR1,6,3.62,nan,7,Left,Left,338,56,65,6,nan,nan,0.06
10/23/2024 7:57:54,1.17.0,ClosedEcon_PR1,6,3.62,nan,7,Left,Left,339,56,65,6,nan,nan,0.29
10/23/2024 7:57:56,1.17.0,ClosedEcon_PR1,6,3.62,1,7,Pellet,Left,339,56,66,7,0.88,540,nan
10/23/2024 7:59:07,1.17.0,ClosedEcon_PR1,6,3.62,nan,8,Right,Left,339,57,66,7,nan,nan,0.03
10/23/2024 7:59:08,1.17.0,ClosedEcon_PR1,6,3.62,nan,8,Right,Left,339,58,66,7,nan,nan,0.14
10/23/2024 7:59:13,1.17.0,ClosedEcon_PR1,6,3.62,nan,8,Left,Left,340,58,66,7,nan,nan,0.22
10/23/2024 7:59:14,1.17.0,ClosedEcon_PR1,6,3.62,nan,8,Left,Left,341,58,66,7,nan,nan,0.00
10/23/2024 7:59:16,1.17.0,ClosedEcon_PR1,6,3.62,nan,8,Left,Left,342,58,66,7,nan,nan,0.06
10/23/2024 7:59:18,1.17.0,ClosedEcon_PR1,6,3.62,nan,8,Left,Left,343,58,66,7,nan,nan,0.01
10/23/2024 7:59:19,1.17.0,ClosedEcon_PR1,6,3.62,nan,8,Left,Left,344,58,66,7,nan,nan,0.23
10/23/2024 7:59:21,1.17.0,ClosedEcon_PR1,6,3.62,nan,8,Left,Left,345,58,66,7,nan,nan,0.11
10/23/2024 7:59:22,1.17.0,ClosedEcon_PR1,6,3.62,nan,8,Left,Left,346,58,66,7,nan,nan,0.24
10/23/2024 7:59:25,1.17.0,ClosedEcon_PR1,6,3.62,nan,8,Left,Left,347,58,66,7,nan,nan,0.34
10/23/2024 7:59:26,1.17.0,ClosedEcon_PR1,6,3.62,1,8,Pellet,Left,347,58,67,8,0.50,90,nan
10/23/2024 8:09:08,1.17.0,ClosedEcon_PR1,6,3.62,nan,9,Left,Left,348,58,67,8,nan,nan,0.07
10/23/2024 8:09:14,1.17.0,ClosedEcon_PR1,6,3.62,nan,9,Left,Left,349,58,67,8,nan,nan,0.25
10/23/2024 8:09:21,1.17.0,ClosedEcon_PR1,6,3.62,nan,9,Right,Left,349,59,67,8,nan,nan,0.10
10/23/2024 8:20:29,1.17.0,ClosedEcon_PR1,6,3.62,nan,9,Right,Left,349,60,67,8,nan,nan,0.07
10/23/2024 8:20:34,1.17.0,ClosedEcon_PR1,6,3.62,nan,9,Left,Left,350,60,67,8,nan,nan,0.04
10/23/2024 8:20:38,1.17.0,ClosedEcon_PR1,6,3.62,nan,9,Left,Left,351,60,67,8,nan,nan,0.10
10/23/2024 8:29:59,1.17.0,ClosedEcon_PR1,6,3.62,nan,9,Left,Left,352,60,67,8,nan,nan,0.13
10/23/2024 8:30:01,1.17.0,ClosedEcon_PR1,6,3.62,nan,9,Left,Left,353,60,67,8,nan,nan,0.18
10/23/2024 8:30:02,1.17.0,ClosedEcon_PR1,6,3.62,nan,9,Left,Left,354,60,67,8,nan,nan,0.17
10/23/2024 8:30:04,1.17.0,ClosedEcon_PR1,6,3.62,nan,9,Left,Left,355,60,67,8,nan,nan,0.14
10/23/2024 8:30:05,1.17.0,ClosedEcon_PR1,6,3.62,nan,9,Left,Left,356,60,67,8,nan,nan,0.29
10/23/2024 8:30:07,1.17.0,ClosedEcon_PR1,6,3.62,1,9,Pellet,Left,356,60,68,9,1.58,1841,nan
10/23/2024 8:32:59,1.17.0,ClosedEcon_PR1,6,3.62,nan,10,Left,Left,357,60,68,9,nan,nan,0.12
10/23/2024 8:33:05,1.17.0,ClosedEcon_PR1,6,3.62,nan,10,Left,Left,358,60,68,9,nan,nan,0.13
10/23/2024 8:34:12,1.17.0,ClosedEcon_PR1,6,3.62,nan,10,Left,Left,359,60,68,9,nan,nan,0.01
10/23/2024 8:36:19,1.17.0,ClosedEcon_PR1,6,3.62,nan,10,Right,Left,359,61,68,9,nan,nan,0.25
10/23/2024 8:36:20,1.17.0,ClosedEcon_PR1,6,3.62,nan,10,Right,Left,359,62,68,9,nan,nan,0.01
10/23/2024 8:36:21,1.17.0,ClosedEcon_PR1,6,3.62,nan,10,Right,Left,359,63,68,9,nan,nan,0.03
10/23/2024 8:36:45,1.17.0,ClosedEcon_PR1,6,3.62,nan,10,Left,Left,360,63,68,9,nan,nan,0.01
10/23/2024 8:37:21,1.17.0,ClosedEcon_PR1,6,3.62,nan,10,Left,Left,361,63,68,9,nan,nan,0.11
10/23/2024 8:37:22,1.17.0,ClosedEcon_PR1,6,3.62,nan,10,Left,Left,362,63,68,9,nan,nan,0.09
10/23/2024 8:37:26,1.17.0,ClosedEcon_PR1,6,3.62,nan,10,Left,Left,363,63,68,9,nan,nan,0.20
10/23/2024 8:37:27,1.17.0,ClosedEcon_PR1,6,3.62,nan,10,Left,Left,364,63,68,9,nan,nan,0.00
10/23/2024 8:37:28,1.17.0,ClosedEcon_PR1,6,3.62,nan,10,Left,Left,365,63,68,9,nan,nan,0.08
10/23/2024 8:37:29,1.17.0,ClosedEcon_PR1,6,3.62,nan,10,Left,Left,366,63,68,9,nan,nan,0.14
10/23/2024 8:37:31,1.17.0,ClosedEcon_PR1,6,3.62,1,10,Pellet,Left,366,63,69,10,1.14,444,nan
10/23/2024 10:12:29,1.17.0,ClosedEcon_PR1,6,3.62,nan,1,Left,Left,367,63,69,0,nan,nan,0.01
10/23/2024 10:12:31,1.17.0,ClosedEcon_PR1,6,3.62,1,1,Pellet,Left,367,63,70,1,1.33,5700,nan
10/23/2024 10:12:53,1.17.0,ClosedEcon_PR1,6,3.62,nan,2,Left,Left,368,63,70,1,nan,nan,0.06
10/23/2024 10:12:55,1.17.0,ClosedEcon_PR1,6,3.62,nan,2,Left,Left,369,63,70,1,nan,nan,0.17
10/23/2024 10:12:56,1.17.0,ClosedEcon_PR1,6,3.62,1,2,Pellet,Left,369,63,71,2,1.01,25,nan
10/23/2024 11:48:45,1.17.0,ClosedEcon_PR1,6,3.62,nan,1,Left,Left,370,63,71,0,nan,nan,0.12
10/23/2024 11:48:47,1.17.0,ClosedEcon_PR1,6,3.61,1,1,Pellet,Left,370,63,72,1,0.82,5751,nan
10/23/2024 11:52:55,1.17.0,ClosedEcon_PR1,6,3.61,nan,2,Left,Left,371,63,72,1,nan,nan,0.19
10/23/2024 12:00:09,1.17.0,ClosedEcon_PR1,6,3.62,nan,2,Right,Left,371,64,72,1,nan,nan,0.01
10/23/2024 12:00:30,1.17.0,ClosedEcon_PR1,6,3.62,nan,2,Right,Left,371,65,72,1,nan,nan,0.03
10/23/2024 12:04:07,1.17.0,ClosedEcon_PR1,6,3.61,nan,2,Left,Left,372,65,72,1,nan,nan,0.20
10/23/2024 12:04:10,1.17.0,ClosedEcon_PR1,6,3.61,nan,2,LeftDuringDispense,Left,373,65,72,2,nan,nan,0.06
10/23/2024 12:04:12,1.17.0,ClosedEcon_PR1,6,3.61,3,2,Pellet,Left,373,65,73,2,0.69,925,nan
10/23/2024 16:34:07,1.17.0,ClosedEcon_PR1,6,3.61,nan,1,Left,Left,374,65,73,0,nan,nan,0.07
10/23/2024 16:34:09,1.17.0,ClosedEcon_PR1,6,3.61,1,1,Pellet,Left,374,65,74,1,1.52,16197,nan
10/23/2024 16:35:25,1.17.0,ClosedEcon_PR1,6,3.60,nan,2,Right,Left,374,66,74,1,nan,nan,0.07
10/23/2024 16:35:27,1.17.0,ClosedEcon_PR1,6,3.61,nan,2,Right,Left,374,67,74,1,nan,nan,0.47
10/23/2024 16:35:31,1.17.0,ClosedEcon_PR1,6,3.61,nan,2,Left,Left,375,67,74,1,nan,nan,0.50
10/23/2024 16:35:32,1.17.0,ClosedEcon_PR1,6,3.61,nan,2,Left,Left,376,67,74,1,nan,nan,0.03
10/23/2024 16:35:34,1.17.0,ClosedEcon_PR1,6,3.61,1,2,Pellet,Left,376,67,75,2,0.82,85,nan
10/23/2024 16:35:52,1.17.0,ClosedEcon_PR1,6,3.61,nan,3,Left,Left,377,67,75,2,nan,nan,0.37
10/23/2024 16:36:33,1.17.0,ClosedEcon_PR1,6,3.60,nan,3,Left,Left,378,67,75,2,nan,nan,0.03
10/23/2024 16:38:57,1.17.0,ClosedEcon_PR1,6,3.61,nan,3,Left,Left,379,67,75,2,nan,nan,0.11
10/23/2024 16:38:59,1.17.0,ClosedEcon_PR1,6,3.60,1,3,Pellet,Left,379,67,76,3,0.82,205,nan
10/23/2024 16:39:15,1.17.0,ClosedEcon_PR1,6,3.60,nan,4,Left,Left,380,67,76,3,nan,nan,0.32
10/23/2024 16:39:16,1.17.0,ClosedEcon_PR1,6,3.61,nan,4,Left,Left,381,67,76,3,nan,nan,0.00
10/23/2024 16:39:17,1.17.0,ClosedEcon_PR1,6,3.61,nan,4,Left,Left,382,67,76,3,nan,nan,0.06
10/23/2024 16:39:20,1.17.0,ClosedEcon_PR1,6,3.62,nan,4,Left,Left,383,67,76,3,nan,nan,0.28
10/23/2024 16:39:21,1.17.0,ClosedEcon_PR1,6,3.61,1,4,Pellet,Left,383,67,77,4,0.88,22,nan
10/23/2024 16:40:08,1.17.0,ClosedEcon_PR1,6,3.61,nan,5,Left,Left,384,67,77,4,nan,nan,0.04
10/23/2024 16:40:10,1.17.0,ClosedEcon_PR1,6,3.61,nan,5,Left,Left,385,67,77,4,nan,nan,0.00
10/23/2024 16:40:11,1.17.0,ClosedEcon_PR1,6,3.62,nan,5,Left,Left,386,67,77,4,nan,nan,0.06
10/23/2024 16:40:12,1.17.0,ClosedEcon_PR1,6,3.61,nan,5,Left,Left,387,67,77,4,nan,nan,0.29
10/23/2024 16:40:14,1.17.0,ClosedEcon_PR1,6,3.61,nan,5,Left,Left,388,67,77,4,nan,nan,0.21
10/23/2024 16:40:16,1.17.0,ClosedEcon_PR1,6,3.60,1,5,Pellet,Left,388,67,78,5,1.14,55,nan
10/23/2024 16:57:22,1.17.0,ClosedEcon_PR1,6,3.60,nan,6,Right,Left,388,68,78,5,nan,nan,0.03
10/23/2024 16:57:45,1.17.0,ClosedEcon_PR1,6,3.62,nan,6,Right,Left,388,69,78,5,nan,nan,0.12
10/23/2024 16:58:20,1.17.0,ClosedEcon_PR1,6,3.61,nan,6,Left,Left,389,69,78,5,nan,nan,0.12
10/23/2024 16:58:21,1.17.0,ClosedEcon_PR1,6,3.61,nan,6,Left,Left,390,69,78,5,nan,nan,0.30
10/23/2024 17:01:10,1.17.0,ClosedEcon_PR1,6,3.61,nan,6,Left,Left,391,69,78,5,nan,nan,0.11
10/23/2024 17:01:10,1.17.0,ClosedEcon_PR1,6,3.60,nan,6,Left,Left,392,69,78,5,nan,nan,0.07
10/23/2024 17:01:11,1.17.0,ClosedEcon_PR1,6,3.60,nan,6,Left,Left,393,69,78,5,nan,nan,0.24
10/23/2024 17:01:12,1.17.0,ClosedEcon_PR1,6,3.61,nan,6,Left,Left,394,69,78,5,nan,nan,0.05
10/23/2024 17:01:13,1.17.0,ClosedEcon_PR1,6,3.60,nan,6,LeftDuringDispense,Left,395,69,78,6,nan,nan,0.01
10/23/2024 17:01:16,1.17.0,ClosedEcon_PR1,6,3.61,2,6,Pellet,Left,395,69,79,6,0.69,1260,nan
10/23/2024 17:01:30,1.17.0,ClosedEcon_PR1,6,3.60,nan,7,Left,Left,396,69,79,6,nan,nan,0.01
10/23/2024 17:01:31,1.17.0,ClosedEcon_PR1,6,3.61,nan,7,Left,Left,397,69,79,6,nan,nan,0.17
10/23/2024 17:01:34,1.17.0,ClosedEcon_PR1,6,3.60,nan,7,Left,Left,398,69,79,6,nan,nan,0.24
10/23/2024 17:01:39,1.17.0,ClosedEcon_PR1,6,3.60,nan,7,Left,Left,399,69,79,6,nan,nan,0.17
10/23/2024 17:01:40,1.17.0,ClosedEcon_PR1,6,3.61,nan,7,Left,Left,400,69,79,6,nan,nan,0.19
10/23/2024 17:01:41,1.17.0,ClosedEcon_PR1,6,3.61,nan,7,Left,Left,401,69,79,6,nan,nan,0.19
10/23/2024 17:01:43,1.17.0,ClosedEcon_PR1,6,3.60,nan,7,Left,Left,402,69,79,6,nan,nan,0.10
10/23/2024 17:01:43,1.17.0,ClosedEcon_PR1,6,3.60,nan,7,LeftDuringDispense,Left,403,69,79,7,nan,nan,0.03
10/23/2024 17:01:47,1.17.0,ClosedEcon_PR1,6,3.60,2,7,Pellet,Left,403,69,80,7,1.07,31,nan
10/23/2024 17:05:45,1.17.0,ClosedEcon_PR1,6,3.61,nan,8,Left,Left,404,69,80,7,nan,nan,0.07
10/23/2024 17:05:55,1.17.0,ClosedEcon_PR1,6,3.61,nan,8,Left,Left,405,69,80,7,nan,nan,0.16
10/23/2024 17:05:56,1.17.0,ClosedEcon_PR1,6,3.61,nan,8,Left,Left,406,69,80,7,nan,nan,0.18
10/23/2024 17:05:57,1.17.0,ClosedEcon_PR1,6,3.61,nan,8,Left,Left,407,69,80,7,nan,nan,0.00
10/23/2024 17:05:58,1.17.0,ClosedEcon_PR1,6,3.61,nan,8,Left,Left,408,69,80,7,nan,nan,0.04
10/23/2024 18:08:53,1.17.0,ClosedEcon_PR1,6,3.61,nan,1,Left,Left,409,69,80,0,nan,nan,0.07
10/23/2024 18:08:54,1.17.0,ClosedEcon_PR1,6,3.60,1,1,Pellet,Left,409,69,81,1,0.63,4027,nan
10/23/2024 18:09:17,1.17.0,ClosedEcon_PR1,6,3.60,nan,2,Left,Left,410,69,81,1,nan,nan,0.10
10/23/2024 18:09:18,1.17.0,ClosedEcon_PR1,6,3.61,nan,2,Left,Left,411,69,81,1,nan,nan,0.29
10/23/2024 18:09:20,1.17.0,ClosedEcon_PR1,6,3.60,1,2,Pellet,Left,411,69,82,2,1.07,26,nan
10/23/2024 18:09:35,1.17.0,ClosedEcon_PR1,6,3.60,nan,3,Left,Left,412,69,82,2,nan,nan,0.20
10/23/2024 18:09:36,1.17.0,ClosedEcon_PR1,6,3.60,nan,3,Left,Left,413,69,82,2,nan,nan,0.00
10/23/2024 18:09:37,1.17.0,ClosedEcon_PR1,6,3.60,nan,3,Left,Left,414,69,82,2,nan,nan,0.00
10/23/2024 18:09:39,1.17.0,ClosedEcon_PR1,6,3.61,1,3,Pellet,Left,414,69,83,3,0.82,19,nan
10/23/2024 18:09:58,1.17.0,ClosedEcon_PR1,6,3.60,nan,4,Left,Left,415,69,83,3,nan,nan,0.19
10/23/2024 18:09:59,1.17.0,ClosedEcon_PR1,6,3.61,nan,4,Left,Left,416,69,83,3,nan,nan,0.14
10/23/2024 18:10:01,1.17.0,ClosedEcon_PR1,6,3.61,nan,4,Left,Left,417,69,83,3,nan,nan,0.05
10/23/2024 18:10:02,1.17.0,ClosedEcon_PR1,6,3.60,nan,4,Left,Left,418,69,83,3,nan,nan,0.00
10/23/2024 18:10:03,1.17.0,ClosedEcon_PR1,6,3.60,1,4,Pellet,Left,418,69,84,4,0.69,24,nan
10/23/2024 18:10:19,1.17.0,ClosedEcon_PR1,6,3.61,nan,5,Left,Left,419,69,84,4,nan,nan,0.02
10/23/2024 18:10:20,1.17.0,ClosedEcon_PR1,6,3.60,nan,5,Left,Left,420,69,84,4,nan,nan,0.01
10/23/2024 18:10:23,1.17.0,ClosedEcon_PR1,6,3.61,nan,5,Left,Left,421,69,84,4,nan,nan,0.06
10/23/2024 18:10:25,1.17.0,ClosedEcon_PR1,6,3.61,nan,5,Left,Left,422,69,84,4,nan,nan,0.41
10/23/2024 18:46:58,1.17.0,ClosedEcon_PR1,6,3.60,nan,1,Left,Left,423,69,84,0,nan,nan,0.04
10/23/2024 18:46:59,1.17.0,ClosedEcon_PR1,6,3.61,1,1,Pellet,Left,423,69,85,1,0.57,2216,nan
10/23/2024 18:47:17,1.17.0,ClosedEcon_PR1,6,3.60,nan,2,Left,Left,424,69,85,1,nan,nan,0.07
10/23/2024 18:47:19,1.17.0,ClosedEcon_PR1,6,3.60,nan,2,Left,Left,425,69,85,1,nan,nan,0.05
10/23/2024 18:47:21,1.17.0,ClosedEcon_PR1,6,3.60,1,2,Pellet,Left,425,69,86,2,0.69,22,nan
10/23/2024 18:47:49,1.17.0,ClosedEcon_PR1,6,3.60,nan,3,Right,Left,425,70,86,2,nan,nan,0.66
10/23/2024 18:47:50,1.17.0,ClosedEcon_PR1,6,3.60,nan,3,Right,Left,425,71,86,2,nan,nan,0.00
10/23/2024 18:48:25,1.17.0,ClosedEcon_PR1,6,3.60,nan,3,Left,Left,426,71,86,2,nan,nan,0.03
10/23/2024 18:48:27,1.17.0,ClosedEcon_PR1,6,3.61,nan,3,Left,Left,427,71,86,2,nan,nan,0.04
10/23/2024 18:48:28,1.17.0,ClosedEcon_PR1,6,3.61,nan,3,Left,Left,428,71,86,2,nan,nan,0.19
10/23/2024 18:48:30,1.17.0,ClosedEcon_PR1,6,3.60,1,3,Pellet,Left,428,71,87,3,0.69,69,nan
10/23/2024 18:49:09,1.17.0,ClosedEcon_PR1,6,3.60,nan,4,Right,Left,428,72,87,3,nan,nan,0.22
10/23/2024 18:50:13,1.17.0,ClosedEcon_PR1,6,3.60,nan,4,Left,Left,429,72,87,3,nan,nan,0.03
10/23/2024 18:50:14,1.17.0,ClosedEcon_PR1,6,3.60,nan,4,Left,Left,430,72,87,3,nan,nan,0.02
10/23/2024 19:12:18,1.17.0,ClosedEcon_PR1,6,3.60,nan,4,Left,Left,431,72,87,3,nan,nan,0.02
10/23/2024 19:12:20,1.17.0,ClosedEcon_PR1,6,3.61,nan,4,Left,Left,432,72,87,3,nan,nan,0.35
10/23/2024 19:12:21,1.17.0,ClosedEcon_PR1,6,3.60,1,4,Pellet,Left,432,72,88,4,0.75,1431,nan
10/23/2024 19:12:34,1.17.0,ClosedEcon_PR1,6,3.60,nan,5,Left,Left,433,72,88,4,nan,nan,0.05
10/23/2024 19:12:40,1.17.0,ClosedEcon_PR1,6,3.61,nan,5,Left,Left,434,72,88,4,nan,nan,0.37
10/23/2024 19:13:21,1.17.0,ClosedEcon_PR1,6,3.61,nan,5,Right,Left,434,73,88,4,nan,nan,0.20
10/23/2024 19:13:36,1.17.0,ClosedEcon_PR1,6,3.60,nan,5,Left,Left,435,73,88,4,nan,nan,0.14
10/23/2024 19:13:36,1.17.0,ClosedEcon_PR1,6,3.60,nan,5,Left,Left,436,73,88,4,nan,nan,0.02
10/23/2024 19:13:40,1.17.0,ClosedEcon_PR1,6,3.60,nan,5,Left,Left,437,73,88,4,nan,nan,0.34
10/23/2024 19:13:41,1.17.0,ClosedEcon_PR1,6,3.60,1,5,Pellet,Left,437,73,89,5,0.31,80,nan
10/23/2024 19:14:00,1.17.0,ClosedEcon_PR1,6,3.60,nan,6,Left,Left,438,73,89,5,nan,nan,0.04
10/23/2024 19:14:01,1.17.0,ClosedEcon_PR1,6,3.60,nan,6,Left,Left,439,73,89,5,nan,nan,0.10
10/23/2024 19:14:03,1.17.0,ClosedEcon_PR1,6,3.60,nan,6,Left,Left,440,73,89,5,nan,nan,0.12
10/23/2024 19:24:50,1.17.0,ClosedEcon_PR1,6,3.61,nan,6,Left,Left,441,73,89,5,nan,nan,0.09
10/23/2024 19:24:57,1.17.0,ClosedEcon_PR1,6,3.60,nan,6,Left,Left,442,73,89,5,nan,nan,0.10
10/23/2024 19:24:58,1.17.0,ClosedEcon_PR1,6,3.61,nan,6,Left,Left,443,73,89,5,nan,nan,0.20
10/23/2024 19:25:00,1.17.0,ClosedEcon_PR1,6,3.61,1,6,Pellet,Left,443,73,90,6,0.69,679,nan
10/23/2024 19:25:20,1.17.0,ClosedEcon_PR1,6,3.61,nan,7,Left,Left,444,73,90,6,nan,nan,0.09
10/23/2024 19:25:21,1.17.0,ClosedEcon_PR1,6,3.60,nan,7,Left,Left,445,73,90,6,nan,nan,0.28
10/23/2024 19:25:27,1.17.0,ClosedEcon_PR1,6,3.60,nan,7,Right,Left,445,74,90,6,nan,nan,0.66
10/23/2024 19:25:30,1.17.0,ClosedEcon_PR1,6,3.61,nan,7,Right,Left,445,75,90,6,nan,nan,0.18
10/23/2024 19:26:18,1.17.0,ClosedEcon_PR1,6,3.60,nan,7,Left,Left,446,75,90,6,nan,nan,0.09
10/23/2024 19:28:23,1.17.0,ClosedEcon_PR1,6,3.60,nan,7,Left,Left,447,75,90,6,nan,nan,0.12
10/23/2024 19:28:25,1.17.0,ClosedEcon_PR1,6,3.60,nan,7,Left,Left,448,75,90,6,nan,nan,0.23
10/23/2024 19:51:27,1.17.0,ClosedEcon_PR1,6,3.60,nan,7,Right,Left,448,76,90,6,nan,nan,0.00
10/23/2024 19:52:11,1.17.0,ClosedEcon_PR1,6,3.60,nan,7,Left,Left,449,76,90,6,nan,nan,0.16
10/23/2024 19:52:16,1.17.0,ClosedEcon_PR1,6,3.60,nan,7,Left,Left,450,76,90,6,nan,nan,0.22
10/23/2024 19:52:17,1.17.0,ClosedEcon_PR1,6,3.60,1,7,Pellet,Left,450,76,91,7,0.38,1637,nan
10/23/2024 20:00:16,1.17.0,ClosedEcon_PR1,6,3.60,nan,8,Left,Left,451,76,91,7,nan,nan,0.06
10/23/2024 20:01:49,1.17.0,ClosedEcon_PR1,6,3.60,nan,8,Right,Left,451,77,91,7,nan,nan,0.46
10/23/2024 20:08:50,1.17.0,ClosedEcon_PR1,6,3.60,nan,8,Left,Left,452,77,91,7,nan,nan,0.12
10/23/2024 20:11:07,1.17.0,ClosedEcon_PR1,6,3.60,nan,8,Left,Left,453,77,91,7,nan,nan,0.26
10/23/2024 20:11:10,1.17.0,ClosedEcon_PR1,6,3.60,nan,8,Left,Left,454,77,91,7,nan,nan,0.33
10/23/2024 20:11:12,1.17.0,ClosedEcon_PR1,6,3.60,nan,8,Left,Left,455,77,91,7,nan,nan,0.27
10/23/2024 20:11:15,1.17.0,ClosedEcon_PR1,6,3.60,nan,8,Left,Left,456,77,91,7,nan,nan,0.08
10/23/2024 20:20:46,1.17.0,ClosedEcon_PR1,6,3.60,nan,8,Right,Left,456,78,91,7,nan,nan,0.02
10/23/2024 20:30:33,1.17.0,ClosedEcon_PR1,6,3.60,nan,8,Right,Left,456,79,91,7,nan,nan,0.04
10/23/2024 20:36:11,1.17.0,ClosedEcon_PR1,6,3.59,nan,8,Left,Left,457,79,91,7,nan,nan,0.04
10/23/2024 20:46:40,1.17.0,ClosedEcon_PR1,6,3.61,nan,8,Left,Left,458,79,91,7,nan,nan,0.04
10/23/2024 20:46:42,1.17.0,ClosedEcon_PR1,6,3.59,1,8,Pellet,Left,458,79,92,8,1.07,3265,nan
10/23/2024 20:46:59,1.17.0,ClosedEcon_PR1,6,3.60,nan,9,Left,Left,459,79,92,8,nan,nan,0.03
10/23/2024 20:47:00,1.17.0,ClosedEcon_PR1,6,3.60,nan,9,Left,Left,460,79,92,8,nan,nan,0.00
10/23/2024 20:47:01,1.17.0,ClosedEcon_PR1,6,3.60,nan,9,Left,Left,461,79,92,8,nan,nan,0.00
10/23/2024 20:47:02,1.17.0,ClosedEcon_PR1,6,3.60,nan,9,Left,Left,462,79,92,8,nan,nan,0.32
10/23/2024 20:47:04,1.17.0,ClosedEcon_PR1,6,3.60,nan,9,Left,Left,463,79,92,8,nan,nan,0.40
10/23/2024 20:47:06,1.17.0,ClosedEcon_PR1,6,3.61,nan,9,Left,Left,464,79,92,8,nan,nan,0.02
10/23/2024 20:47:09,1.17.0,ClosedEcon_PR1,6,3.60,nan,9,Left,Left,465,79,92,8,nan,nan,0.41
10/23/2024 20:47:10,1.17.0,ClosedEcon_PR1,6,3.60,nan,9,Left,Left,466,79,92,8,nan,nan,0.02
10/23/2024 20:51:12,1.17.0,ClosedEcon_PR1,6,3.60,nan,9,Left,Left,467,79,92,8,nan,nan,0.05
10/23/2024 20:51:14,1.17.0,ClosedEcon_PR1,6,3.60,1,9,Pellet,Left,467,79,93,9,0.95,272,nan
10/23/2024 20:51:26,1.17.0,ClosedEcon_PR1,6,3.60,nan,10,Left,Left,468,79,93,9,nan,nan,0.10
10/23/2024 20:51:27,1.17.0,ClosedEcon_PR1,6,3.60,nan,10,Left,Left,469,79,93,9,nan,nan,0.16
10/23/2024 20:51:29,1.17.0,ClosedEcon_PR1,6,3.61,nan,10,Left,Left,470,79,93,9,nan,nan,0.06
10/23/2024 20:51:31,1.17.0,ClosedEcon_PR1,6,3.60,nan,10,Left,Left,471,79,93,9,nan,nan,0.13
10/23/2024 20:51:33,1.17.0,ClosedEcon_PR1,6,3.61,nan,10,Left,Left,472,79,93,9,nan,nan,0.08
10/23/2024 20:51:36,1.17.0,ClosedEcon_PR1,6,3.60,nan,10,Left,Left,473,79,93,9,nan,nan,0.01
10/23/2024 20:51:42,1.17.0,ClosedEcon_PR1,6,3.60,nan,10,Left,Left,474,79,93,9,nan,nan,0.00
10/23/2024 20:58:27,1.17.0,ClosedEcon_PR1,6,3.60,nan,10,Left,Left,475,79,93,9,nan,nan,0.03
10/23/2024 20:58:28,1.17.0,ClosedEcon_PR1,6,3.60,nan,10,Left,Left,476,79,93,9,nan,nan,0.16
10/23/2024 20:58:31,1.17.0,ClosedEcon_PR1,6,3.60,nan,10,Left,Left,477,79,93,9,nan,nan,0.09
10/23/2024 20:58:32,1.17.0,ClosedEcon_PR1,6,3.61,1,10,Pellet,Left,477,79,94,10,0.50,438,nan
10/23/2024 20:59:22,1.17.0,ClosedEcon_PR1,6,3.60,nan,11,Right,Left,477,80,94,10,nan,nan,0.59
10/23/2024 20:59:31,1.17.0,ClosedEcon_PR1,6,3.60,nan,11,Right,Left,477,81,94,10,nan,nan,0.37
10/23/2024 20:59:34,1.17.0,ClosedEcon_PR1,6,3.60,nan,11,Left,Left,478,81,94,10,nan,nan,0.02
10/23/2024 21:06:45,1.17.0,ClosedEcon_PR1,6,3.60,nan,11,Left,Left,479,81,94,10,nan,nan,0.32
10/23/2024 21:06:48,1.17.0,ClosedEcon_PR1,6,3.60,nan,11,Left,Left,480,81,94,10,nan,nan,0.24
10/23/2024 21:06:51,1.17.0,ClosedEcon_PR1,6,3.61,nan,11,Left,Left,481,81,94,10,nan,nan,0.49
10/23/2024 21:06:55,1.17.0,ClosedEcon_PR1,6,3.60,nan,11,Left,Left,482,81,94,10,nan,nan,0.00
10/23/2024 21:10:40,1.17.0,ClosedEcon_PR1,6,3.60,nan,11,Right,Left,482,82,94,10,nan,nan,0.03
10/23/2024 21:14:51,1.17.0,ClosedEcon_PR1,6,3.60,nan,11,Right,Left,482,83,94,10,nan,nan,0.00
10/23/2024 21:18:31,1.17.0,ClosedEcon_PR1,6,3.60,nan,11,Right,Left,482,84,94,10,nan,nan,0.32
10/23/2024 21:18:33,1.17.0,ClosedEcon_PR1,6,3.60,nan,11,Right,Left,482,85,94,10,nan,nan,0.50
10/23/2024 21:18:35,1.17.0,ClosedEcon_PR1,6,3.60,nan,11,Right,Left,482,86,94,10,nan,nan,0.14
10/23/2024 21:18:41,1.17.0,ClosedEcon_PR1,6,3.60,nan,11,Left,Left,483,86,94,10,nan,nan,0.11
10/23/2024 21:30:12,1.17.0,ClosedEcon_PR1,6,3.60,nan,11,Left,Left,484,86,94,10,nan,nan,0.08
10/23/2024 21:30:14,1.17.0,ClosedEcon_PR1,6,3.60,nan,11,Left,Left,485,86,94,10,nan,nan,0.45
10/23/2024 21:30:15,1.17.0,ClosedEcon_PR1,6,3.60,nan,11,Left,Left,486,86,94,10,nan,nan,0.04
10/23/2024 21:30:16,1.17.0,ClosedEcon_PR1,6,3.60,nan,11,Left,Left,487,86,94,10,nan,nan,0.00
10/23/2024 21:30:18,1.17.0,ClosedEcon_PR1,6,3.60,nan,11,Left,Left,488,86,94,10,nan,nan,0.44
10/23/2024 21:30:20,1.17.0,ClosedEcon_PR1,6,3.60,1,11,Pellet,Left,488,86,95,11,0.63,1907,nan
10/23/2024 21:31:54,1.17.0,ClosedEcon_PR1,6,3.60,nan,12,Left,Left,489,86,95,11,nan,nan,0.04
10/23/2024 21:31:54,1.17.0,ClosedEcon_PR1,6,3.60,nan,12,Left,Left,490,86,95,11,nan,nan,0.01
10/23/2024 21:31:57,1.17.0,ClosedEcon_PR1,6,3.60,nan,12,Left,Left,491,86,95,11,nan,nan,0.23
10/23/2024 21:32:00,1.17.0,ClosedEcon_PR1,6,3.60,nan,12,Left,Left,492,86,95,11,nan,nan,0.01
10/23/2024 21:45:59,1.17.0,ClosedEcon_PR1,6,3.60,nan,12,Left,Left,493,86,95,11,nan,nan,0.44
10/23/2024 21:46:02,1.17.0,ClosedEcon_PR1,6,3.60,nan,12,Left,Left,494,86,95,11,nan,nan,0.02
10/23/2024 21:47:53,1.17.0,ClosedEcon_PR1,6,3.60,nan,12,Right,Left,494,87,95,11,nan,nan,0.20
10/23/2024 21:47:57,1.17.0,ClosedEcon_PR1,6,3.60,nan,12,Right,Left,494,88,95,11,nan,nan,0.31
10/23/2024 21:48:06,1.17.0,ClosedEcon_PR1,6,3.60,nan,12,Right,Left,494,89,95,11,nan,nan,0.25
10/23/2024 21:48:07,1.17.0,ClosedEcon_PR1,6,3.59,nan,12,Right,Left,494,90,95,11,nan,nan,0.29
10/23/2024 21:51:31,1.17.0,ClosedEcon_PR1,6,3.60,nan,12,Right,Left,494,91,95,11,nan,nan,0.47
10/23/2024 21:51:37,1.17.0,ClosedEcon_PR1,6,3.60,nan,12,Right,Left,494,92,95,11,nan,nan,0.24
10/23/2024 21:51:48,1.17.0,ClosedEcon_PR1,6,3.60,nan,12,Right,Left,494,93,95,11,nan,nan,0.47
10/23/2024 21:59:04,1.17.0,ClosedEcon_PR1,6,3.60,nan,12,Left,Left,495,93,95,11,nan,nan,0.15
10/23/2024 21:59:06,1.17.0,ClosedEcon_PR1,6,3.60,nan,12,Left,Left,496,93,95,11,nan,nan,0.02
10/23/2024 21:59:08,1.17.0,ClosedEcon_PR1,6,3.60,nan,12,Left,Left,497,93,95,11,nan,nan,0.28
10/23/2024 21:59:10,1.17.0,ClosedEcon_PR1,6,3.60,nan,12,Left,Left,498,93,95,11,nan,nan,0.28
10/23/2024 21:59:11,1.17.0,ClosedEcon_PR1,6,3.60,nan,12,Left,Left,499,93,95,11,nan,nan,0.02
10/23/2024 21:59:13,1.17.0,ClosedEcon_PR1,6,3.60,nan,12,Left,Left,500,93,95,11,nan,nan,0.02
10/23/2024 21:59:16,1.17.0,ClosedEcon_PR1,6,3.60,1,12,Pellet,Left,500,93,96,12,2.03,1737,nan
10/23/2024 21:59:39,1.17.0,ClosedEcon_PR1,6,3.60,nan,13,Left,Left,501,93,96,12,nan,nan,0.23
10/23/2024 22:00:07,1.17.0,ClosedEcon_PR1,6,3.60,nan,13,Left,Left,502,93,96,12,nan,nan,0.39
10/23/2024 22:00:08,1.17.0,ClosedEcon_PR1,6,3.60,nan,13,Left,Left,503,93,96,12,nan,nan,0.02
10/23/2024 22:00:09,1.17.0,ClosedEcon_PR1,6,3.60,nan,13,Left,Left,504,93,96,12,nan,nan,0.30
10/23/2024 22:03:47,1.17.0,ClosedEcon_PR1,6,3.61,nan,13,Left,Left,505,93,96,12,nan,nan,0.23
10/23/2024 22:07:14,1.17.0,ClosedEcon_PR1,6,3.60,nan,13,Left,Left,506,93,96,12,nan,nan,0.10
10/23/2024 22:07:17,1.17.0,ClosedEcon_PR1,6,3.59,nan,13,Left,Left,507,93,96,12,nan,nan,0.04
10/23/2024 22:13:35,1.17.0,ClosedEcon_PR1,6,3.60,nan,13,Left,Left,508,93,96,12,nan,nan,0.12
10/23/2024 22:23:47,1.17.0,ClosedEcon_PR1,6,3.59,nan,13,Left,Left,509,93,96,12,nan,nan,0.22
10/23/2024 22:28:57,1.17.0,ClosedEcon_PR1,6,3.60,nan,13,Left,Left,510,93,96,12,nan,nan,0.09
10/23/2024 22:28:58,1.17.0,ClosedEcon_PR1,6,3.60,nan,13,Left,Left,511,93,96,12,nan,nan,0.19
10/23/2024 22:29:00,1.17.0,ClosedEcon_PR1,6,3.60,nan,13,Left,Left,512,93,96,12,nan,nan,0.25
10/23/2024 22:29:02,1.17.0,ClosedEcon_PR1,6,3.60,nan,13,Left,Left,513,93,96,12,nan,nan,0.32
10/23/2024 22:29:03,1.17.0,ClosedEcon_PR1,6,3.60,1,13,Pellet,Left,513,93,97,13,0.44,1787,nan
10/23/2024 22:29:32,1.17.0,ClosedEcon_PR1,6,3.60,nan,14,Left,Left,514,93,97,13,nan,nan,0.10
10/23/2024 22:29:47,1.17.0,ClosedEcon_PR1,6,3.59,nan,14,Right,Left,514,94,97,13,nan,nan,0.00
10/23/2024 22:30:29,1.17.0,ClosedEcon_PR1,6,3.60,nan,14,Right,Left,514,95,97,13,nan,nan,0.00
10/23/2024 22:32:41,1.17.0,ClosedEcon_PR1,6,3.60,nan,14,Left,Left,515,95,97,13,nan,nan,0.11
10/23/2024 22:36:17,1.17.0,ClosedEcon_PR1,6,3.60,nan,14,Right,Left,515,96,97,13,nan,nan,0.18
10/23/2024 22:36:23,1.17.0,ClosedEcon_PR1,6,3.60,nan,14,Right,Left,515,97,97,13,nan,nan,0.29
10/23/2024 22:37:13,1.17.0,ClosedEcon_PR1,6,3.60,nan,14,Left,Left,516,97,97,13,nan,nan,0.16
10/23/2024 22:37:16,1.17.0,ClosedEcon_PR1,6,3.60,nan,14,Left,Left,517,97,97,13,nan,nan,0.31
10/23/2024 22:43:33,1.17.0,ClosedEcon_PR1,6,3.60,nan,14,Left,Left,518,97,97,13,nan,nan,0.15
10/23/2024 22:45:26,1.17.0,ClosedEcon_PR1,6,3.60,nan,14,Left,Left,519,97,97,13,nan,nan,0.23
10/23/2024 22:45:27,1.17.0,ClosedEcon_PR1,6,3.60,nan,14,Left,Left,520,97,97,13,nan,nan,0.01
10/23/2024 22:45:29,1.17.0,ClosedEcon_PR1,6,3.60,nan,14,Left,Left,521,97,97,13,nan,nan,0.20
10/23/2024 22:45:33,1.17.0,ClosedEcon_PR1,6,3.60,nan,14,Right,Left,521,98,97,13,nan,nan,0.17
10/23/2024 22:55:55,1.17.0,ClosedEcon_PR1,6,3.60,nan,14,Left,Left,522,98,97,13,nan,nan,0.05
10/23/2024 22:55:57,1.17.0,ClosedEcon_PR1,6,3.60,nan,14,Left,Left,523,98,97,13,nan,nan,0.07
10/23/2024 22:56:00,1.17.0,ClosedEcon_PR1,6,3.60,nan,14,Left,Left,524,98,97,13,nan,nan,0.33
10/23/2024 22:56:11,1.17.0,ClosedEcon_PR1,6,3.60,nan,14,Left,Left,525,98,97,13,nan,nan,0.16
10/23/2024 22:56:18,1.17.0,ClosedEcon_PR1,6,3.60,nan,14,Right,Left,525,99,97,13,nan,nan,0.25
10/23/2024 22:58:35,1.17.0,ClosedEcon_PR1,6,3.60,nan,14,Left,Left,526,99,97,13,nan,nan,0.01
10/23/2024 22:58:36,1.17.0,ClosedEcon_PR1,6,3.60,nan,14,Left,Left,527,99,97,13,nan,nan,0.09
10/23/2024 22:58:38,1.17.0,ClosedEcon_PR1,6,3.60,1,14,Pellet,Left,527,99,98,14,0.31,1775,nan
10/23/2024 22:59:02,1.17.0,ClosedEcon_PR1,6,3.60,nan,15,Left,Left,528,99,98,14,nan,nan,0.11
10/23/2024 22:59:04,1.17.0,ClosedEcon_PR1,6,3.59,nan,15,Left,Left,529,99,98,14,nan,nan,0.53
10/23/2024 22:59:05,1.17.0,ClosedEcon_PR1,6,3.60,nan,15,Left,Left,530,99,98,14,nan,nan,0.02
10/23/2024 22:59:07,1.17.0,ClosedEcon_PR1,6,3.60,nan,15,Left,Left,531,99,98,14,nan,nan,0.29
10/23/2024 23:00:41,1.17.0,ClosedEcon_PR1,6,3.60,nan,15,Left,Left,532,99,98,14,nan,nan,0.32
10/23/2024 23:00:43,1.17.0,ClosedEcon_PR1,6,3.60,nan,15,Left,Left,533,99,98,14,nan,nan,0.04
10/23/2024 23:00:44,1.17.0,ClosedEcon_PR1,6,3.60,nan,15,Left,Left,534,99,98,14,nan,nan,0.00
10/23/2024 23:07:20,1.17.0,ClosedEcon_PR1,6,3.60,nan,15,Left,Left,535,99,98,14,nan,nan,0.08
10/23/2024 23:07:41,1.17.0,ClosedEcon_PR1,6,3.60,nan,15,Left,Left,536,99,98,14,nan,nan,0.09
10/23/2024 23:07:43,1.17.0,ClosedEcon_PR1,6,3.60,nan,15,Left,Left,537,99,98,14,nan,nan,0.25
10/23/2024 23:11:28,1.17.0,ClosedEcon_PR1,6,3.60,nan,15,Left,Left,538,99,98,14,nan,nan,0.07
10/23/2024 23:11:30,1.17.0,ClosedEcon_PR1,6,3.60,nan,15,Left,Left,539,99,98,14,nan,nan,0.08
10/23/2024 23:11:31,1.17.0,ClosedEcon_PR1,6,3.60,nan,15,Left,Left,540,99,98,14,nan,nan,0.22
10/23/2024 23:11:32,1.17.0,ClosedEcon_PR1,6,3.60,nan,15,Left,Left,541,99,98,14,nan,nan,0.22
10/23/2024 23:11:34,1.17.0,ClosedEcon_PR1,6,3.60,nan,15,Left,Left,542,99,98,14,nan,nan,0.01
10/23/2024 23:11:35,1.17.0,ClosedEcon_PR1,6,3.60,1,15,Pellet,Left,542,99,99,15,0.50,777,nan
10/23/2024 23:11:49,1.17.0,ClosedEcon_PR1,6,3.60,nan,16,Left,Left,543,99,99,15,nan,nan,0.06
10/23/2024 23:11:51,1.17.0,ClosedEcon_PR1,6,3.60,nan,16,Left,Left,544,99,99,15,nan,nan,0.06
10/23/2024 23:11:55,1.17.0,ClosedEcon_PR1,6,3.60,nan,16,Left,Left,545,99,99,15,nan,nan,0.16
10/23/2024 23:11:55,1.17.0,ClosedEcon_PR1,6,3.60,nan,16,Left,Left,546,99,99,15,nan,nan,0.00
10/23/2024 23:12:25,1.17.0,ClosedEcon_PR1,6,3.60,nan,16,Left,Left,547,99,99,15,nan,nan,0.07
10/23/2024 23:16:54,1.17.0,ClosedEcon_PR1,6,3.60,nan,16,Left,Left,548,99,99,15,nan,nan,0.11
10/23/2024 23:16:55,1.17.0,ClosedEcon_PR1,6,3.60,nan,16,Left,Left,549,99,99,15,nan,nan,0.27
10/23/2024 23:16:56,1.17.0,ClosedEcon_PR1,6,3.59,nan,16,Left,Left,550,99,99,15,nan,nan,0.17
10/23/2024 23:16:57,1.17.0,ClosedEcon_PR1,6,3.60,nan,16,Left,Left,551,99,99,15,nan,nan,0.00
10/23/2024 23:16:59,1.17.0,ClosedEcon_PR1,6,3.60,nan,16,Left,Left,552,99,99,15,nan,nan,0.12
10/23/2024 23:17:00,1.17.0,ClosedEcon_PR1,6,3.60,nan,16,Left,Left,553,99,99,15,nan,nan,0.07
10/23/2024 23:22:50,1.17.0,ClosedEcon_PR1,6,3.60,nan,16,Right,Left,553,100,99,15,nan,nan,0.01
10/23/2024 23:23:00,1.17.0,ClosedEcon_PR1,6,3.60,nan,16,Left,Left,554,100,99,15,nan,nan,0.07
10/23/2024 23:24:31,1.17.0,ClosedEcon_PR1,6,3.60,nan,16,Right,Left,554,101,99,15,nan,nan,0.25
10/23/2024 23:24:57,1.17.0,ClosedEcon_PR1,6,3.60,nan,16,Left,Left,555,101,99,15,nan,nan,0.07
10/23/2024 23:25:00,1.17.0,ClosedEcon_PR1,6,3.60,nan,16,Left,Left,556,101,99,15,nan,nan,0.03
10/23/2024 23:56:14,1.17.0,ClosedEcon_PR1,6,3.60,nan,1,Left,Left,557,101,99,0,nan,nan,0.09
10/23/2024 23:56:16,1.17.0,ClosedEcon_PR1,6,3.60,2,1,Pellet,Left,557,101,100,1,0.50,2681,nan
10/23/2024 23:56:30,1.17.0,ClosedEcon_PR1,6,3.60,nan,2,Left,Left,558,101,100,1,nan,nan,0.04
10/23/2024 23:56:31,1.17.0,ClosedEcon_PR1,6,3.60,nan,2,Left,Left,559,101,100,1,nan,nan,0.23
10/23/2024 23:56:33,1.17.0,ClosedEcon_PR1,6,3.60,1,2,Pellet,Left,559,101,101,2,0.69,17,nan
10/23/2024 23:56:50,1.17.0,ClosedEcon_PR1,6,3.60,nan,3,Left,Left,560,101,101,2,nan,nan,0.11
10/23/2024 23:56:53,1.17.0,ClosedEcon_PR1,6,3.60,nan,3,Left,Left,561,101,101,2,nan,nan,0.22
10/23/2024 23:58:31,1.17.0,ClosedEcon_PR1,6,3.58,nan,3,Left,Left,562,101,101,2,nan,nan,0.06
10/23/2024 23:58:37,1.17.0,ClosedEcon_PR1,6,3.60,1,3,Pellet,Left,562,101,102,3,5.33,124,nan
10/23/2024 23:59:18,1.17.0,ClosedEcon_PR1,6,3.60,nan,4,Left,Left,563,101,102,3,nan,nan,0.11
10/23/2024 23:59:23,1.17.0,ClosedEcon_PR1,6,3.59,nan,4,Left,Left,564,101,102,3,nan,nan,0.27
10/23/2024 23:59:25,1.17.0,ClosedEcon_PR1,6,3.60,nan,4,Left,Left,565,101,102,3,nan,nan,0.02
10/24/2024 0:03:29,1.17.0,ClosedEcon_PR1,6,3.60,nan,4,Left,Left,566,101,102,3,nan,nan,0.05
10/24/2024 0:03:31,1.17.0,ClosedEcon_PR1,6,3.60,1,4,Pellet,Left,566,101,103,4,0.82,294,nan
10/24/2024 0:03:51,1.17.0,ClosedEcon_PR1,6,3.60,nan,5,Left,Left,567,101,103,4,nan,nan,0.02
10/24/2024 0:03:54,1.17.0,ClosedEcon_PR1,6,3.60,nan,5,Left,Left,568,101,103,4,nan,nan,0.20
10/24/2024 0:03:56,1.17.0,ClosedEcon_PR1,6,3.60,nan,5,Left,Left,569,101,103,4,nan,nan,0.02
10/24/2024 0:03:58,1.17.0,ClosedEcon_PR1,6,3.60,nan,5,Left,Left,570,101,103,4,nan,nan,0.06
10/24/2024 0:03:59,1.17.0,ClosedEcon_PR1,6,3.60,nan,5,Left,Left,571,101,103,4,nan,nan,0.07
10/24/2024 0:04:02,1.17.0,ClosedEcon_PR1,6,3.60,1,5,Pellet,Left,571,101,104,5,1.71,31,nan
10/24/2024 0:04:21,1.17.0,ClosedEcon_PR1,6,3.60,nan,6,Left,Left,572,101,104,5,nan,nan,0.08
10/24/2024 0:04:22,1.17.0,ClosedEcon_PR1,6,3.60,nan,6,Left,Left,573,101,104,5,nan,nan,0.06
10/24/2024 0:04:23,1.17.0,ClosedEcon_PR1,6,3.60,nan,6,Left,Left,574,101,104,5,nan,nan,0.23
10/24/2024 0:04:26,1.17.0,ClosedEcon_PR1,6,3.60,nan,6,Left,Left,575,101,104,5,nan,nan,0.99
10/24/2024 0:04:28,1.17.0,ClosedEcon_PR1,6,3.60,nan,6,Left,Left,576,101,104,5,nan,nan,0.18
10/24/2024 0:04:30,1.17.0,ClosedEcon_PR1,6,3.60,nan,6,Left,Left,577,101,104,5,nan,nan,0.07
10/24/2024 0:04:31,1.17.0,ClosedEcon_PR1,6,3.60,1,6,Pellet,Left,577,101,105,6,0.50,29,nan
10/24/2024 0:04:59,1.17.0,ClosedEcon_PR1,6,3.60,nan,7,Right,Left,577,102,105,6,nan,nan,0.12
10/24/2024 0:07:29,1.17.0,ClosedEcon_PR1,6,3.60,nan,7,Left,Left,578,102,105,6,nan,nan,0.01
10/24/2024 0:07:30,1.17.0,ClosedEcon_PR1,6,3.60,nan,7,Left,Left,579,102,105,6,nan,nan,0.08
10/24/2024 0:07:31,1.17.0,ClosedEcon_PR1,6,3.60,nan,7,Left,Left,580,102,105,6,nan,nan,0.39
10/24/2024 0:07:34,1.17.0,ClosedEcon_PR1,6,3.60,nan,7,Left,Left,581,102,105,6,nan,nan,0.26
10/24/2024 0:15:28,1.17.0,ClosedEcon_PR1,6,3.60,nan,7,Right,Left,581,103,105,6,nan,nan,0.53
10/24/2024 0:15:32,1.17.0,ClosedEcon_PR1,6,3.60,nan,7,Left,Left,582,103,105,6,nan,nan,0.25
10/24/2024 0:15:34,1.17.0,ClosedEcon_PR1,6,3.60,nan,7,Left,Left,583,103,105,6,nan,nan,0.08
10/24/2024 0:15:37,1.17.0,ClosedEcon_PR1,6,3.60,nan,7,Left,Left,584,103,105,6,nan,nan,0.05
10/24/2024 0:15:38,1.17.0,ClosedEcon_PR1,6,3.60,1,7,Pellet,Left,584,103,106,7,0.31,667,nan
10/24/2024 0:17:42,1.17.0,ClosedEcon_PR1,6,3.60,nan,8,Left,Left,585,103,106,7,nan,nan,0.03
10/24/2024 0:17:44,1.17.0,ClosedEcon_PR1,6,3.60,nan,8,Left,Left,586,103,106,7,nan,nan,0.17
10/24/2024 0:22:12,1.17.0,ClosedEcon_PR1,6,3.60,nan,8,Right,Left,586,104,106,7,nan,nan,0.06
10/24/2024 0:22:16,1.17.0,ClosedEcon_PR1,6,3.60,nan,8,Right,Left,586,105,106,7,nan,nan,0.42
10/24/2024 0:22:19,1.17.0,ClosedEcon_PR1,6,3.60,nan,8,Right,Left,586,106,106,7,nan,nan,0.34
10/24/2024 0:22:53,1.17.0,ClosedEcon_PR1,6,3.60,nan,8,Left,Left,587,106,106,7,nan,nan,0.03
10/24/2024 0:22:53,1.17.0,ClosedEcon_PR1,6,3.60,nan,8,Left,Left,588,106,106,7,nan,nan,0.17
10/24/2024 0:22:54,1.17.0,ClosedEcon_PR1,6,3.60,nan,8,Left,Left,589,106,106,7,nan,nan,0.02
10/24/2024 0:22:56,1.17.0,ClosedEcon_PR1,6,3.60,nan,8,Left,Left,590,106,106,7,nan,nan,0.12
10/24/2024 0:22:56,1.17.0,ClosedEcon_PR1,6,3.60,nan,8,Left,Left,591,106,106,7,nan,nan,0.10
10/24/2024 0:22:58,1.17.0,ClosedEcon_PR1,6,3.60,nan,8,Left,Left,592,106,106,7,nan,nan,0.12
10/24/2024 0:22:58,1.17.0,ClosedEcon_PR1,6,3.61,nan,8,LeftDuringDispense,Left,593,106,106,8,nan,nan,0.02
10/24/2024 0:23:02,1.17.0,ClosedEcon_PR1,6,3.60,2,8,Pellet,Left,593,106,107,8,0.50,443,nan
10/24/2024 0:23:22,1.17.0,ClosedEcon_PR1,6,3.60,nan,9,Left,Left,594,106,107,8,nan,nan,0.05
10/24/2024 0:23:23,1.17.0,ClosedEcon_PR1,6,3.60,nan,9,Left,Left,595,106,107,8,nan,nan,0.03
10/24/2024 0:23:28,1.17.0,ClosedEcon_PR1,6,3.60,nan,9,Left,Left,596,106,107,8,nan,nan,0.04
10/24/2024 1:25:42,1.17.0,ClosedEcon_PR1,6,3.60,nan,1,Left,Left,597,106,107,0,nan,nan,0.01
10/24/2024 1:25:43,1.17.0,ClosedEcon_PR1,6,3.60,1,1,Pellet,Left,597,106,108,1,0.63,3762,nan
10/24/2024 1:26:02,1.17.0,ClosedEcon_PR1,6,3.60,nan,2,Left,Left,598,106,108,1,nan,nan,0.04
10/24/2024 1:26:03,1.17.0,ClosedEcon_PR1,6,3.60,nan,2,Left,Left,599,106,108,1,nan,nan,0.02
10/24/2024 1:26:03,1.17.0,ClosedEcon_PR1,6,3.60,nan,2,LeftDuringDispense,Left,600,106,108,2,nan,nan,0.02
10/24/2024 1:26:07,1.17.0,ClosedEcon_PR1,6,3.60,2,2,Pellet,Left,600,106,109,2,0.95,24,nan
10/24/2024 1:26:28,1.17.0,ClosedEcon_PR1,6,3.60,nan,3,Left,Left,601,106,109,2,nan,nan,0.05
10/24/2024 1:26:30,1.17.0,ClosedEcon_PR1,6,3.60,nan,3,Left,Left,602,106,109,2,nan,nan,0.47
10/24/2024 1:26:31,1.17.0,ClosedEcon_PR1,6,3.60,nan,3,Left,Left,603,106,109,2,nan,nan,0.07
10/24/2024 1:26:33,1.17.0,ClosedEcon_PR1,6,3.60,1,3,Pellet,Left,603,106,110,3,0.57,26,nan
10/24/2024 1:26:59,1.17.0,ClosedEcon_PR1,6,3.60,nan,4,Left,Left,604,106,110,3,nan,nan,0.03
10/24/2024 1:27:01,1.17.0,ClosedEcon_PR1,6,3.60,nan,4,Left,Left,605,106,110,3,nan,nan,0.20
10/24/2024 1:45:47,1.17.0,ClosedEcon_PR1,6,3.60,nan,4,Left,Left,606,106,110,3,nan,nan,0.11
10/24/2024 1:45:48,1.17.0,ClosedEcon_PR1,6,3.60,nan,4,Left,Left,607,106,110,3,nan,nan,0.11
10/24/2024 1:45:50,1.17.0,ClosedEcon_PR1,6,3.60,1,4,Pellet,Left,607,106,111,4,0.56,1157,nan
10/24/2024 1:46:00,1.17.0,ClosedEcon_PR1,6,3.60,nan,5,Left,Left,608,106,111,4,nan,nan,0.01
10/24/2024 1:46:01,1.17.0,ClosedEcon_PR1,6,3.60,nan,5,Left,Left,609,106,111,4,nan,nan,0.04
10/24/2024 1:46:02,1.17.0,ClosedEcon_PR1,6,3.59,nan,5,Left,Left,610,106,111,4,nan,nan,0.69
10/24/2024 1:46:04,1.17.0,ClosedEcon_PR1,6,3.60,nan,5,Left,Left,611,106,111,4,nan,nan,0.27
10/24/2024 1:46:06,1.17.0,ClosedEcon_PR1,6,3.60,nan,5,Left,Left,612,106,111,4,nan,nan,0.04
10/24/2024 1:46:09,1.17.0,ClosedEcon_PR1,6,3.60,1,5,Pellet,Left,612,106,112,5,1.58,19,nan
10/24/2024 1:46:24,1.17.0,ClosedEcon_PR1,6,3.60,nan,6,Left,Left,613,106,112,5,nan,nan,0.04
10/24/2024 1:46:25,1.17.0,ClosedEcon_PR1,6,3.60,nan,6,Left,Left,614,106,112,5,nan,nan,0.10
10/24/2024 1:46:26,1.17.0,ClosedEcon_PR1,6,3.60,nan,6,Left,Left,615,106,112,5,nan,nan,0.01
10/24/2024 1:46:27,1.17.0,ClosedEcon_PR1,6,3.60,nan,6,Left,Left,616,106,112,5,nan,nan,0.00
10/24/2024 1:46:34,1.17.0,ClosedEcon_PR1,6,3.60,nan,6,Left,Left,617,106,112,5,nan,nan,0.00
10/24/2024 1:46:45,1.17.0,ClosedEcon_PR1,6,3.60,nan,6,Left,Left,618,106,112,5,nan,nan,0.19
10/24/2024 1:46:45,1.17.0,ClosedEcon_PR1,6,3.60,nan,6,LeftDuringDispense,Left,619,106,112,6,nan,nan,0.02
10/24/2024 1:46:49,1.17.0,ClosedEcon_PR1,6,3.60,2,6,Pellet,Left,619,106,113,6,0.82,40,nan
10/24/2024 2:07:30,1.17.0,ClosedEcon_PR1,6,3.60,nan,7,Left,Left,620,106,113,6,nan,nan,0.31
10/24/2024 2:07:36,1.17.0,ClosedEcon_PR1,6,3.60,nan,7,Left,Left,621,106,113,6,nan,nan,0.09
10/24/2024 2:07:37,1.17.0,ClosedEcon_PR1,6,3.60,nan,7,Left,Left,622,106,113,6,nan,nan,0.00
10/24/2024 2:07:38,1.17.0,ClosedEcon_PR1,6,3.60,nan,7,Left,Left,623,106,113,6,nan,nan,0.01
10/24/2024 2:07:40,1.17.0,ClosedEcon_PR1,6,3.60,nan,7,Left,Left,624,106,113,6,nan,nan,0.11
10/24/2024 2:07:41,1.17.0,ClosedEcon_PR1,6,3.60,nan,7,Left,Left,625,106,113,6,nan,nan,0.07
10/24/2024 2:07:42,1.17.0,ClosedEcon_PR1,6,3.60,nan,7,Left,Left,626,106,113,6,nan,nan,0.33
10/24/2024 2:07:43,1.17.0,ClosedEcon_PR1,6,3.60,1,7,Pellet,Left,626,106,114,7,0.56,1254,nan
10/24/2024 2:08:06,1.17.0,ClosedEcon_PR1,6,3.60,nan,8,Left,Left,627,106,114,7,nan,nan,0.08
10/24/2024 2:08:12,1.17.0,ClosedEcon_PR1,6,3.60,nan,8,Left,Left,628,106,114,7,nan,nan,0.34
10/24/2024 2:17:36,1.17.0,ClosedEcon_PR1,6,3.60,nan,8,Left,Left,629,106,114,7,nan,nan,0.11
10/24/2024 2:17:43,1.17.0,ClosedEcon_PR1,6,3.60,nan,8,Left,Left,630,106,114,7,nan,nan,0.20
10/24/2024 2:17:44,1.17.0,ClosedEcon_PR1,6,3.60,nan,8,Left,Left,631,106,114,7,nan,nan,0.36
10/24/2024 2:17:46,1.17.0,ClosedEcon_PR1,6,3.60,nan,8,Left,Left,632,106,114,7,nan,nan,0.40
10/24/2024 2:24:56,1.17.0,ClosedEcon_PR1,6,3.60,nan,8,Left,Left,633,106,114,7,nan,nan,0.03
10/24/2024 2:24:58,1.17.0,ClosedEcon_PR1,6,3.60,nan,8,Left,Left,634,106,114,7,nan,nan,0.28
10/24/2024 2:24:58,1.17.0,ClosedEcon_PR1,6,3.60,nan,8,LeftDuringDispense,Left,635,106,114,8,nan,nan,0.01
10/24/2024 2:25:02,1.17.0,ClosedEcon_PR1,6,3.60,2,8,Pellet,Left,635,106,115,8,0.95,1039,nan
10/24/2024 2:25:18,1.17.0,ClosedEcon_PR1,6,3.60,nan,9,Left,Left,636,106,115,8,nan,nan,0.03
10/24/2024 2:25:20,1.17.0,ClosedEcon_PR1,6,3.60,nan,9,Left,Left,637,106,115,8,nan,nan,0.03
10/24/2024 2:25:24,1.17.0,ClosedEcon_PR1,6,3.60,nan,9,Left,Left,638,106,115,8,nan,nan,0.10
10/24/2024 2:26:34,1.17.0,ClosedEcon_PR1,6,3.60,nan,9,Left,Left,639,106,115,8,nan,nan,0.33
10/24/2024 2:26:37,1.17.0,ClosedEcon_PR1,6,3.60,nan,9,Left,Left,640,106,115,8,nan,nan,0.05
10/24/2024 2:32:13,1.17.0,ClosedEcon_PR1,6,3.60,nan,9,Left,Left,641,106,115,8,nan,nan,0.06
10/24/2024 2:40:46,1.17.0,ClosedEcon_PR1,6,3.60,nan,9,Left,Left,642,106,115,8,nan,nan,0.03
10/24/2024 2:40:48,1.17.0,ClosedEcon_PR1,6,3.60,nan,9,Left,Left,643,106,115,8,nan,nan,0.36
10/24/2024 2:40:50,1.17.0,ClosedEcon_PR1,6,3.60,nan,9,Left,Left,644,106,115,8,nan,nan,0.37
10/24/2024 2:40:51,1.17.0,ClosedEcon_PR1,6,3.60,1,9,Pellet,Left,644,106,116,9,0.69,949,nan
10/24/2024 2:44:32,1.17.0,ClosedEcon_PR1,6,3.60,nan,10,Left,Left,645,106,116,9,nan,nan,0.21
10/24/2024 2:44:34,1.17.0,ClosedEcon_PR1,6,3.60,nan,10,Left,Left,646,106,116,9,nan,nan,0.02
10/24/2024 2:44:36,1.17.0,ClosedEcon_PR1,6,3.60,nan,10,Left,Left,647,106,116,9,nan,nan,0.12
10/24/2024 2:44:37,1.17.0,ClosedEcon_PR1,6,3.60,nan,10,Left,Left,648,106,116,9,nan,nan,0.51
10/24/2024 2:44:39,1.17.0,ClosedEcon_PR1,6,3.60,nan,10,Left,Left,649,106,116,9,nan,nan,0.22
10/24/2024 2:44:42,1.17.0,ClosedEcon_PR1,6,3.60,nan,10,Left,Left,650,106,116,9,nan,nan,0.32
10/24/2024 2:44:44,1.17.0,ClosedEcon_PR1,6,3.60,nan,10,Left,Left,651,106,116,9,nan,nan,0.17
10/24/2024 2:44:52,1.17.0,ClosedEcon_PR1,6,3.60,nan,10,Right,Left,651,107,116,9,nan,nan,0.17
10/24/2024 2:44:53,1.17.0,ClosedEcon_PR1,6,3.60,nan,10,Right,Left,651,108,116,9,nan,nan,0.14
10/24/2024 2:49:04,1.17.0,ClosedEcon_PR1,6,3.60,nan,10,Left,Left,652,108,116,9,nan,nan,0.02
10/24/2024 2:49:08,1.17.0,ClosedEcon_PR1,6,3.60,nan,10,Left,Left,653,108,116,9,nan,nan,0.01
10/24/2024 2:49:10,1.17.0,ClosedEcon_PR1,6,3.60,nan,10,Left,Left,654,108,116,9,nan,nan,0.19
10/24/2024 2:49:11,1.17.0,ClosedEcon_PR1,6,3.60,2,10,Pellet,Left,654,108,117,10,0.88,500,nan
10/24/2024 3:35:25,1.17.0,ClosedEcon_PR1,6,3.60,nan,1,Left,Left,655,108,117,0,nan,nan,0.39
10/24/2024 3:35:26,1.17.0,ClosedEcon_PR1,6,3.60,nan,1,LeftDuringDispense,Left,656,108,117,1,nan,nan,0.02
10/24/2024 3:35:29,1.17.0,ClosedEcon_PR1,6,3.59,2,1,Pellet,Left,656,108,118,1,0.76,2778,nan
10/24/2024 3:35:51,1.17.0,ClosedEcon_PR1,6,3.59,nan,2,Left,Left,657,108,118,1,nan,nan,0.02
10/24/2024 3:35:53,1.17.0,ClosedEcon_PR1,6,3.59,nan,2,Left,Left,658,108,118,1,nan,nan,0.11
10/24/2024 3:35:55,1.17.0,ClosedEcon_PR1,6,3.58,1,2,Pellet,Left,658,108,119,2,0.88,26,nan
10/24/2024 3:36:40,1.17.0,ClosedEcon_PR1,6,3.59,nan,3,Left,Left,659,108,119,2,nan,nan,0.21
10/24/2024 3:36:42,1.17.0,ClosedEcon_PR1,6,3.59,nan,3,Left,Left,660,108,119,2,nan,nan,0.14
10/24/2024 3:36:45,1.17.0,ClosedEcon_PR1,6,3.60,nan,3,Left,Left,661,108,119,2,nan,nan,0.29
10/24/2024 3:36:46,1.17.0,ClosedEcon_PR1,6,3.60,1,3,Pellet,Left,661,108,120,3,0.82,51,nan
10/24/2024 4:15:40,1.17.0,ClosedEcon_PR1,6,3.60,nan,1,Left,Left,662,108,120,0,nan,nan,0.02
10/24/2024 4:15:43,1.17.0,ClosedEcon_PR1,6,3.60,2,1,Pellet,Left,662,108,121,1,2.15,2337,nan
10/24/2024 4:15:54,1.17.0,ClosedEcon_PR1,6,3.59,nan,2,Left,Left,663,108,121,1,nan,nan,0.15
10/24/2024 4:15:56,1.17.0,ClosedEcon_PR1,6,3.60,nan,2,Left,Left,664,108,121,1,nan,nan,0.00
10/24/2024 4:15:57,1.17.0,ClosedEcon_PR1,6,3.60,1,2,Pellet,Left,664,108,122,2,1.07,14,nan
10/24/2024 4:16:13,1.17.0,ClosedEcon_PR1,6,3.60,nan,3,Left,Left,665,108,122,2,nan,nan,0.07
10/24/2024 4:16:15,1.17.0,ClosedEcon_PR1,6,3.60,nan,3,Left,Left,666,108,122,2,nan,nan,0.67
10/24/2024 4:16:16,1.17.0,ClosedEcon_PR1,6,3.60,nan,3,Left,Left,667,108,122,2,nan,nan,0.56
10/24/2024 4:16:17,1.17.0,ClosedEcon_PR1,6,3.60,nan,3,LeftDuringDispense,Left,668,108,122,3,nan,nan,0.03
10/24/2024 4:16:20,1.17.0,ClosedEcon_PR1,6,3.60,2,3,Pellet,Left,668,108,123,3,0.95,23,nan
10/24/2024 4:16:34,1.17.0,ClosedEcon_PR1,6,3.60,nan,4,Left,Left,669,108,123,3,nan,nan,0.02
10/24/2024 4:16:35,1.17.0,ClosedEcon_PR1,6,3.60,nan,4,Left,Left,670,108,123,3,nan,nan,0.01
10/24/2024 4:16:36,1.17.0,ClosedEcon_PR1,6,3.60,nan,4,Left,Left,671,108,123,3,nan,nan,0.00
10/24/2024 4:16:37,1.17.0,ClosedEcon_PR1,6,3.59,nan,4,Left,Left,672,108,123,3,nan,nan,0.02
10/24/2024 4:16:37,1.17.0,ClosedEcon_PR1,6,3.60,nan,4,LeftDuringDispense,Left,673,108,123,4,nan,nan,0.04
10/24/2024 4:16:41,1.17.0,ClosedEcon_PR1,6,3.60,2,4,Pellet,Left,673,108,124,4,0.50,21,nan
10/24/2024 4:16:55,1.17.0,ClosedEcon_PR1,6,3.60,nan,5,Left,Left,674,108,124,4,nan,nan,0.23
10/24/2024 4:16:56,1.17.0,ClosedEcon_PR1,6,3.60,nan,5,Left,Left,675,108,124,4,nan,nan,0.01
10/24/2024 4:16:58,1.17.0,ClosedEcon_PR1,6,3.60,nan,5,Left,Left,676,108,124,4,nan,nan,0.69
10/24/2024 4:17:01,1.17.0,ClosedEcon_PR1,6,3.60,nan,5,Left,Left,677,108,124,4,nan,nan,0.49
10/24/2024 4:17:02,1.17.0,ClosedEcon_PR1,6,3.60,nan,5,Left,Left,678,108,124,4,nan,nan,0.05
10/24/2024 4:17:03,1.17.0,ClosedEcon_PR1,6,3.59,1,5,Pellet,Left,678,108,125,5,0.37,22,nan
10/24/2024 5:03:42,1.17.0,ClosedEcon_PR1,6,3.59,nan,1,Left,Left,679,108,125,0,nan,nan,0.01
10/24/2024 5:03:43,1.17.0,ClosedEcon_PR1,6,3.59,1,1,Pellet,Left,679,108,126,1,0.44,2800,nan
10/24/2024 5:04:03,1.17.0,ClosedEcon_PR1,6,3.60,nan,2,Left,Left,680,108,126,1,nan,nan,0.00
10/24/2024 5:04:12,1.17.0,ClosedEcon_PR1,6,3.60,nan,2,Left,Left,681,108,126,1,nan,nan,0.53
10/24/2024 5:04:13,1.17.0,ClosedEcon_PR1,6,3.59,1,2,Pellet,Left,681,108,127,2,0.44,30,nan
10/24/2024 5:06:13,1.17.0,ClosedEcon_PR1,6,3.59,nan,3,Left,Left,682,108,127,2,nan,nan,0.10
10/24/2024 5:06:14,1.17.0,ClosedEcon_PR1,6,3.60,nan,3,Left,Left,683,108,127,2,nan,nan,0.02
10/24/2024 5:06:15,1.17.0,ClosedEcon_PR1,6,3.59,nan,3,Left,Left,684,108,127,2,nan,nan,0.06
10/24/2024 5:06:17,1.17.0,ClosedEcon_PR1,6,3.60,1,3,Pellet,Left,684,108,128,3,0.88,124,nan
10/24/2024 5:08:18,1.17.0,ClosedEcon_PR1,6,3.60,nan,4,Left,Left,685,108,128,3,nan,nan,0.02
10/24/2024 5:08:19,1.17.0,ClosedEcon_PR1,6,3.59,nan,4,Left,Left,686,108,128,3,nan,nan,0.00
10/24/2024 5:08:34,1.17.0,ClosedEcon_PR1,6,3.60,nan,4,Right,Left,686,109,128,3,nan,nan,0.85
10/24/2024 5:22:49,1.17.0,ClosedEcon_PR1,6,3.60,nan,4,Left,Left,687,109,128,3,nan,nan,0.12
10/24/2024 5:22:50,1.17.0,ClosedEcon_PR1,6,3.60,nan,4,Left,Left,688,109,128,3,nan,nan,0.14
10/24/2024 5:22:51,1.17.0,ClosedEcon_PR1,6,3.60,1,4,Pellet,Left,688,109,129,4,0.37,994,nan
10/24/2024 5:23:13,1.17.0,ClosedEcon_PR1,6,3.60,nan,5,Left,Left,689,109,129,4,nan,nan,0.03
10/24/2024 5:23:14,1.17.0,ClosedEcon_PR1,6,3.60,nan,5,Left,Left,690,109,129,4,nan,nan,0.43
10/24/2024 5:23:14,1.17.0,ClosedEcon_PR1,6,3.60,nan,5,Left,Left,691,109,129,4,nan,nan,0.01
10/24/2024 5:23:18,1.17.0,ClosedEcon_PR1,6,3.60,nan,5,Left,Left,692,109,129,4,nan,nan,0.01
10/24/2024 5:23:21,1.17.0,ClosedEcon_PR1,6,3.59,nan,5,Left,Left,693,109,129,4,nan,nan,0.08
10/24/2024 5:23:22,1.17.0,ClosedEcon_PR1,6,3.59,1,5,Pellet,Left,693,109,130,5,0.56,31,nan
10/24/2024 5:23:56,1.17.0,ClosedEcon_PR1,6,3.59,nan,6,Right,Left,693,110,130,5,nan,nan,0.12
10/24/2024 5:28:03,1.17.0,ClosedEcon_PR1,6,3.60,nan,6,Left,Left,694,110,130,5,nan,nan,0.10
10/24/2024 5:28:04,1.17.0,ClosedEcon_PR1,6,3.59,nan,6,Left,Left,695,110,130,5,nan,nan,0.25
10/24/2024 5:28:05,1.17.0,ClosedEcon_PR1,6,3.60,nan,6,Left,Left,696,110,130,5,nan,nan,0.10
10/24/2024 5:28:06,1.17.0,ClosedEcon_PR1,6,3.60,nan,6,Left,Left,697,110,130,5,nan,nan,0.15
10/24/2024 5:28:07,1.17.0,ClosedEcon_PR1,6,3.60,nan,6,Left,Left,698,110,130,5,nan,nan,0.03
10/24/2024 5:28:08,1.17.0,ClosedEcon_PR1,6,3.59,nan,6,Left,Left,699,110,130,5,nan,nan,0.19
10/24/2024 5:28:09,1.17.0,ClosedEcon_PR1,6,3.59,1,6,Pellet,Left,699,110,131,6,0.37,287,nan
10/24/2024 5:28:30,1.17.0,ClosedEcon_PR1,6,3.60,nan,7,Left,Left,700,110,131,6,nan,nan,0.06
10/24/2024 5:29:04,1.17.0,ClosedEcon_PR1,6,3.59,nan,7,Left,Left,701,110,131,6,nan,nan,0.09
10/24/2024 5:29:04,1.17.0,ClosedEcon_PR1,6,3.59,nan,7,Left,Left,702,110,131,6,nan,nan,0.00
10/24/2024 5:29:07,1.17.0,ClosedEcon_PR1,6,3.59,nan,7,Left,Left,703,110,131,6,nan,nan,0.51
10/24/2024 5:29:08,1.17.0,ClosedEcon_PR1,6,3.59,nan,7,Left,Left,704,110,131,6,nan,nan,0.23
10/24/2024 5:36:09,1.17.0,ClosedEcon_PR1,6,3.59,nan,7,Left,Left,705,110,131,6,nan,nan,0.11
10/24/2024 5:36:11,1.17.0,ClosedEcon_PR1,6,3.60,nan,7,Left,Left,706,110,131,6,nan,nan,0.10
10/24/2024 5:36:13,1.17.0,ClosedEcon_PR1,6,3.59,1,7,Pellet,Left,706,110,132,7,1.52,484,nan
10/24/2024 5:36:32,1.17.0,ClosedEcon_PR1,6,3.60,nan,8,Left,Left,707,110,132,7,nan,nan,0.01
10/24/2024 5:36:33,1.17.0,ClosedEcon_PR1,6,3.59,nan,8,Left,Left,708,110,132,7,nan,nan,0.04
10/24/2024 5:36:35,1.17.0,ClosedEcon_PR1,6,3.59,nan,8,Left,Left,709,110,132,7,nan,nan,0.07
10/24/2024 5:36:35,1.17.0,ClosedEcon_PR1,6,3.60,nan,8,Left,Left,710,110,132,7,nan,nan,0.19
10/24/2024 5:36:36,1.17.0,ClosedEcon_PR1,6,3.59,nan,8,Left,Left,711,110,132,7,nan,nan,0.00
10/24/2024 5:36:37,1.17.0,ClosedEcon_PR1,6,3.60,nan,8,Left,Left,712,110,132,7,nan,nan,0.00
10/24/2024 5:36:38,1.17.0,ClosedEcon_PR1,6,3.59,nan,8,Left,Left,713,110,132,7,nan,nan,0.32
10/24/2024 5:36:39,1.17.0,ClosedEcon_PR1,6,3.59,nan,8,Left,Left,714,110,132,7,nan,nan,0.01
10/24/2024 5:36:40,1.17.0,ClosedEcon_PR1,6,3.59,1,8,Pellet,Left,714,110,133,8,0.76,27,nan
10/24/2024 5:37:08,1.17.0,ClosedEcon_PR1,6,3.60,nan,9,Left,Left,715,110,133,8,nan,nan,0.03
10/24/2024 5:37:09,1.17.0,ClosedEcon_PR1,6,3.59,nan,9,Left,Left,716,110,133,8,nan,nan,0.00
10/24/2024 5:37:10,1.17.0,ClosedEcon_PR1,6,3.60,nan,9,Left,Left,717,110,133,8,nan,nan,0.06
10/24/2024 5:41:23,1.17.0,ClosedEcon_PR1,6,3.60,nan,9,Left,Left,718,110,133,8,nan,nan,0.13
10/24/2024 5:41:24,1.17.0,ClosedEcon_PR1,6,3.59,nan,9,Left,Left,719,110,133,8,nan,nan,0.14
10/24/2024 5:44:36,1.17.0,ClosedEcon_PR1,6,3.60,nan,9,Right,Left,719,111,133,8,nan,nan,0.11
10/24/2024 5:44:55,1.17.0,ClosedEcon_PR1,6,3.59,nan,9,Right,Left,719,112,133,8,nan,nan,0.23
10/24/2024 5:48:27,1.17.0,ClosedEcon_PR1,6,3.59,nan,9,Left,Left,720,112,133,8,nan,nan,0.04
10/24/2024 5:48:28,1.17.0,ClosedEcon_PR1,6,3.60,nan,9,Left,Left,721,112,133,8,nan,nan,0.14
10/24/2024 5:48:31,1.17.0,ClosedEcon_PR1,6,3.59,nan,9,Left,Left,722,112,133,8,nan,nan,0.03
10/24/2024 5:53:30,1.17.0,ClosedEcon_PR1,6,3.59,nan,9,Left,Left,723,112,133,8,nan,nan,0.11
10/24/2024 5:53:33,1.17.0,ClosedEcon_PR1,6,3.59,1,9,Pellet,Left,723,112,134,9,2.22,1013,nan
10/24/2024 5:53:57,1.17.0,ClosedEcon_PR1,6,3.60,nan,10,Left,Left,724,112,134,9,nan,nan,0.11
10/24/2024 5:53:58,1.17.0,ClosedEcon_PR1,6,3.59,nan,10,Left,Left,725,112,134,9,nan,nan,0.10
10/24/2024 5:53:59,1.17.0,ClosedEcon_PR1,6,3.60,nan,10,Left,Left,726,112,134,9,nan,nan,0.00
10/24/2024 5:54:01,1.17.0,ClosedEcon_PR1,6,3.59,nan,10,Left,Left,727,112,134,9,nan,nan,0.21
10/24/2024 5:54:02,1.17.0,ClosedEcon_PR1,6,3.60,nan,10,Left,Left,728,112,134,9,nan,nan,0.01
10/24/2024 5:54:04,1.17.0,ClosedEcon_PR1,6,3.59,nan,10,Left,Left,729,112,134,9,nan,nan,0.09
10/24/2024 5:54:06,1.17.0,ClosedEcon_PR1,6,3.59,nan,10,Left,Left,730,112,134,9,nan,nan,0.23
10/24/2024 6:06:14,1.17.0,ClosedEcon_PR1,6,3.59,nan,10,Left,Left,731,112,134,9,nan,nan,0.03
10/24/2024 6:06:15,1.17.0,ClosedEcon_PR1,6,3.60,nan,10,Left,Left,732,112,134,9,nan,nan,0.12
10/24/2024 6:06:17,1.17.0,ClosedEcon_PR1,6,3.59,nan,10,Left,Left,733,112,134,9,nan,nan,0.24
10/24/2024 6:06:18,1.17.0,ClosedEcon_PR1,6,3.59,1,10,Pellet,Left,733,112,135,10,0.50,765,nan
10/24/2024 6:09:08,1.17.0,ClosedEcon_PR1,6,3.60,nan,11,Left,Left,734,112,135,10,nan,nan,0.13
10/24/2024 6:09:09,1.17.0,ClosedEcon_PR1,6,3.58,nan,11,Left,Left,735,112,135,10,nan,nan,0.00
10/24/2024 6:09:10,1.17.0,ClosedEcon_PR1,6,3.59,nan,11,Left,Left,736,112,135,10,nan,nan,0.00
10/24/2024 6:09:10,1.17.0,ClosedEcon_PR1,6,3.60,nan,11,Left,Left,737,112,135,10,nan,nan,0.12
10/24/2024 6:09:12,1.17.0,ClosedEcon_PR1,6,3.60,nan,11,Left,Left,738,112,135,10,nan,nan,0.27
10/24/2024 6:09:12,1.17.0,ClosedEcon_PR1,6,3.59,nan,11,Left,Left,739,112,135,10,nan,nan,0.07
10/24/2024 6:09:13,1.17.0,ClosedEcon_PR1,6,3.59,nan,11,Left,Left,740,112,135,10,nan,nan,0.04
10/24/2024 6:09:17,1.17.0,ClosedEcon_PR1,6,3.58,nan,11,Left,Left,741,112,135,10,nan,nan,0.41
10/24/2024 6:09:17,1.17.0,ClosedEcon_PR1,6,3.59,nan,11,Left,Left,742,112,135,10,nan,nan,0.16
10/24/2024 6:09:18,1.17.0,ClosedEcon_PR1,6,3.59,nan,11,Left,Left,743,112,135,10,nan,nan,0.14
10/24/2024 6:09:19,1.17.0,ClosedEcon_PR1,6,3.59,nan,11,Left,Left,744,112,135,10,nan,nan,0.21
10/24/2024 6:09:21,1.17.0,ClosedEcon_PR1,6,3.59,1,11,Pellet,Left,744,112,136,11,0.50,183,nan
10/24/2024 6:09:40,1.17.0,ClosedEcon_PR1,6,3.60,nan,12,Left,Left,745,112,136,11,nan,nan,0.09
10/24/2024 6:12:36,1.17.0,ClosedEcon_PR1,6,3.59,nan,12,Left,Left,746,112,136,11,nan,nan,0.19
10/24/2024 6:12:36,1.17.0,ClosedEcon_PR1,6,3.59,nan,12,Left,Left,747,112,136,11,nan,nan,0.11
10/24/2024 6:12:40,1.17.0,ClosedEcon_PR1,6,3.60,nan,12,Left,Left,748,112,136,11,nan,nan,0.06
10/24/2024 6:12:41,1.17.0,ClosedEcon_PR1,6,3.60,nan,12,Left,Left,749,112,136,11,nan,nan,0.16
10/24/2024 6:12:42,1.17.0,ClosedEcon_PR1,6,3.60,nan,12,Left,Left,750,112,136,11,nan,nan,0.17
10/24/2024 6:13:13,1.17.0,ClosedEcon_PR1,6,3.60,nan,12,Left,Left,751,112,136,11,nan,nan,0.06
10/24/2024 6:13:14,1.17.0,ClosedEcon_PR1,6,3.59,nan,12,Left,Left,752,112,136,11,nan,nan,0.16
10/24/2024 6:13:15,1.17.0,ClosedEcon_PR1,6,3.60,nan,12,Left,Left,753,112,136,11,nan,nan,0.02
10/24/2024 6:19:49,1.17.0,ClosedEcon_PR1,6,3.60,nan,12,Left,Left,754,112,136,11,nan,nan,0.05
10/24/2024 6:21:50,1.17.0,ClosedEcon_PR1,6,3.60,nan,12,Left,Left,755,112,136,11,nan,nan,0.13
10/24/2024 6:21:51,1.17.0,ClosedEcon_PR1,6,3.59,nan,12,Left,Left,756,112,136,11,nan,nan,0.00
10/24/2024 6:21:52,1.17.0,ClosedEcon_PR1,6,3.59,1,12,Pellet,Left,756,112,137,12,0.69,751,nan
10/24/2024 6:23:05,1.17.0,ClosedEcon_PR1,6,3.59,nan,13,Left,Left,757,112,137,12,nan,nan,0.10
10/24/2024 6:23:24,1.17.0,ClosedEcon_PR1,6,3.60,nan,13,Left,Left,758,112,137,12,nan,nan,0.01
10/24/2024 6:31:24,1.17.0,ClosedEcon_PR1,6,3.60,nan,13,Left,Left,759,112,137,12,nan,nan,0.17
10/24/2024 6:31:25,1.17.0,ClosedEcon_PR1,6,3.59,nan,13,Left,Left,760,112,137,12,nan,nan,0.15
10/24/2024 6:31:29,1.17.0,ClosedEcon_PR1,6,3.59,nan,13,Left,Left,761,112,137,12,nan,nan,0.10
10/24/2024 6:31:31,1.17.0,ClosedEcon_PR1,6,3.59,nan,13,Left,Left,762,112,137,12,nan,nan,0.06
10/24/2024 6:31:34,1.17.0,ClosedEcon_PR1,6,3.60,nan,13,Left,Left,763,112,137,12,nan,nan,0.11
10/24/2024 6:31:35,1.17.0,ClosedEcon_PR1,6,3.59,nan,13,Left,Left,764,112,137,12,nan,nan,0.00
10/24/2024 6:31:36,1.17.0,ClosedEcon_PR1,6,3.59,nan,13,Left,Left,765,112,137,12,nan,nan,0.18
10/24/2024 6:31:38,1.17.0,ClosedEcon_PR1,6,3.59,nan,13,Left,Left,766,112,137,12,nan,nan,0.14
10/24/2024 6:31:40,1.17.0,ClosedEcon_PR1,6,3.59,nan,13,Left,Left,767,112,137,12,nan,nan,0.16
10/24/2024 6:33:05,1.17.0,ClosedEcon_PR1,6,3.59,nan,13,Left,Left,768,112,137,12,nan,nan,0.17
10/24/2024 6:33:06,1.17.0,ClosedEcon_PR1,6,3.60,nan,13,Left,Left,769,112,137,12,nan,nan,0.00
10/24/2024 6:33:09,1.17.0,ClosedEcon_PR1,6,3.60,1,13,Pellet,Left,769,112,138,13,1.71,676,nan
10/24/2024 6:33:28,1.17.0,ClosedEcon_PR1,6,3.59,nan,14,Left,Left,770,112,138,13,nan,nan,0.11
10/24/2024 6:33:29,1.17.0,ClosedEcon_PR1,6,3.59,nan,14,Left,Left,771,112,138,13,nan,nan,0.11
10/24/2024 6:33:30,1.17.0,ClosedEcon_PR1,6,3.59,nan,14,Left,Left,772,112,138,13,nan,nan,0.14
10/24/2024 6:33:31,1.17.0,ClosedEcon_PR1,6,3.60,nan,14,Left,Left,773,112,138,13,nan,nan,0.37
10/24/2024 6:44:13,1.17.0,ClosedEcon_PR1,6,3.59,nan,14,Left,Left,774,112,138,13,nan,nan,0.05
10/24/2024 6:44:14,1.17.0,ClosedEcon_PR1,6,3.59,nan,14,Left,Left,775,112,138,13,nan,nan,0.01
10/24/2024 6:44:15,1.17.0,ClosedEcon_PR1,6,3.59,nan,14,Left,Left,776,112,138,13,nan,nan,0.09
10/24/2024 6:44:17,1.17.0,ClosedEcon_PR1,6,3.59,nan,14,Left,Left,777,112,138,13,nan,nan,0.01
10/24/2024 6:50:16,1.17.0,ClosedEcon_PR1,6,3.59,nan,14,Left,Left,778,112,138,13,nan,nan,0.16
10/24/2024 6:50:21,1.17.0,ClosedEcon_PR1,6,3.59,nan,14,Left,Left,779,112,138,13,nan,nan,0.00
10/24/2024 6:53:02,1.17.0,ClosedEcon_PR1,6,3.60,nan,14,Left,Left,780,112,138,13,nan,nan,0.04
10/24/2024 6:53:03,1.17.0,ClosedEcon_PR1,6,3.60,nan,14,Left,Left,781,112,138,13,nan,nan,0.05
10/24/2024 6:55:11,1.17.0,ClosedEcon_PR1,6,3.60,nan,14,Left,Left,782,112,138,13,nan,nan,0.05
10/24/2024 6:55:12,1.17.0,ClosedEcon_PR1,6,3.59,nan,14,Left,Left,783,112,138,13,nan,nan,0.04
10/24/2024 6:55:12,1.17.0,ClosedEcon_PR1,6,3.59,nan,14,LeftDuringDispense,Left,784,112,138,14,nan,nan,0.03
10/24/2024 6:55:16,1.17.0,ClosedEcon_PR1,6,3.59,2,14,Pellet,Left,784,112,139,14,0.95,1328,nan
10/24/2024 6:55:41,1.17.0,ClosedEcon_PR1,6,3.59,nan,15,Left,Left,785,112,139,14,nan,nan,0.13
10/24/2024 7:05:16,1.17.0,ClosedEcon_PR1,6,3.59,nan,15,Left,Left,786,112,139,14,nan,nan,0.17
10/24/2024 7:05:18,1.17.0,ClosedEcon_PR1,6,3.59,nan,15,Left,Left,787,112,139,14,nan,nan,0.05
10/24/2024 9:13:32,1.17.0,ClosedEcon_PR1,6,3.59,nan,1,Left,Left,788,112,139,0,nan,nan,0.10
10/24/2024 9:13:34,1.17.0,ClosedEcon_PR1,6,3.59,1,1,Pellet,Left,788,112,140,1,1.96,8298,nan
10/24/2024 9:13:51,1.17.0,ClosedEcon_PR1,6,3.58,nan,2,Left,Left,789,112,140,1,nan,nan,0.49
10/24/2024 9:13:52,1.17.0,ClosedEcon_PR1,6,3.58,nan,2,Left,Left,790,112,140,1,nan,nan,0.10
10/24/2024 9:13:54,1.17.0,ClosedEcon_PR1,6,3.59,1,2,Pellet,Left,790,112,141,2,0.69,20,nan
10/24/2024 9:14:16,1.17.0,ClosedEcon_PR1,6,3.58,nan,3,Left,Left,791,112,141,2,nan,nan,0.03
10/24/2024 9:14:17,1.17.0,ClosedEcon_PR1,6,3.58,nan,3,Left,Left,792,112,141,2,nan,nan,0.00
10/24/2024 9:14:21,1.17.0,ClosedEcon_PR1,6,3.58,nan,3,Left,Left,793,112,141,2,nan,nan,0.05
10/24/2024 9:14:22,1.17.0,ClosedEcon_PR1,6,3.59,1,3,Pellet,Left,793,112,142,3,0.63,28,nan
10/24/2024 9:14:42,1.17.0,ClosedEcon_PR1,6,3.58,nan,4,Left,Left,794,112,142,3,nan,nan,0.01
10/24/2024 10:43:56,1.17.0,ClosedEcon_PR1,6,3.58,nan,1,Left,Left,795,112,142,0,nan,nan,0.07
10/24/2024 10:43:59,1.17.0,ClosedEcon_PR1,6,3.58,2,1,Pellet,Left,795,112,143,1,0.63,5377,nan
10/24/2024 10:44:36,1.17.0,ClosedEcon_PR1,6,3.59,nan,2,Right,Left,795,113,143,1,nan,nan,0.01
10/24/2024 10:44:45,1.17.0,ClosedEcon_PR1,6,3.59,nan,2,Left,Left,796,113,143,1,nan,nan,0.30
10/24/2024 10:44:56,1.17.0,ClosedEcon_PR1,6,3.58,nan,2,Left,Left,797,113,143,1,nan,nan,0.04
10/24/2024 10:44:56,1.17.0,ClosedEcon_PR1,6,3.58,nan,2,LeftDuringDispense,Left,798,113,143,2,nan,nan,0.01
10/24/2024 10:45:00,1.17.0,ClosedEcon_PR1,6,3.58,2,2,Pellet,Left,798,113,144,2,0.88,61,nan
