MM:DD:YYYY hh:mm:ss,Library_Version,Session_type,Device_Number,Battery_Voltage,Motor_Turns,PelletsToSwitch,Prob_left,Prob_right,Event,High_prob_poke,Left_Poke_Count,Right_Poke_Count,Pellet_Count,Block_Pellet_Count,Retrieval_Time,InterPelletInterval,Poke_Time
5/28/2025 15:33:02,1.17.0,Bandit,5,4.12,nan,30,100,0,Right,Left,0,1,0,0,nan,nan,0.27
5/28/2025 15:33:29,1.17.0,Bandit,5,4.11,nan,30,100,0,Left,Left,1,1,0,0,nan,nan,0.02
5/28/2025 15:36:11,1.17.0,Bandit,5,4.11,nan,30,100,0,LeftWithPellet,Left,1,1,0,0,nan,nan,0.10
5/28/2025 15:37:21,1.17.0,Bandit,5,4.12,nan,30,100,0,RightWithPellet,Left,1,1,0,0,nan,nan,0.21
5/28/2025 15:37:52,1.17.0,Bandit,5,4.12,2,30,100,0,Pellet,Left,1,1,1,0,Timed_out,nan,nan
5/28/2025 16:25:05,1.17.0,Bandit,5,4.11,nan,30,100,0,Right,Left,1,2,1,1,nan,nan,0.06
5/28/2025 16:25:30,1.17.0,Bandit,5,4.11,nan,30,100,0,Left,Left,2,2,1,1,nan,nan,0.70
5/28/2025 16:25:53,1.17.0,Bandit,5,4.11,nan,30,100,0,LeftWithPellet,Left,2,2,1,1,nan,nan,0.07
5/28/2025 16:31:36,1.17.0,Bandit,5,4.11,nan,30,100,0,LeftWithPellet,Left,2,2,1,1,nan,nan,0.10
5/28/2025 16:33:01,1.17.0,Bandit,5,4.11,nan,30,100,0,RightWithPellet,Left,2,2,1,1,nan,nan,0.03
5/28/2025 16:34:28,1.17.0,Bandit,5,4.11,nan,30,100,0,RightWithPellet,Left,2,2,1,1,nan,nan,0.02
5/28/2025 16:42:50,1.17.0,Bandit,5,4.11,nan,30,100,0,RightWithPellet,Left,2,2,1,1,nan,nan,0.06
5/28/2025 16:42:59,1.17.0,Bandit,5,4.11,nan,30,100,0,RightWithPellet,Left,2,2,1,1,nan,nan,0.01
5/28/2025 16:44:01,1.17.0,Bandit,5,4.11,nan,30,100,0,LeftWithPellet,Left,2,2,1,1,nan,nan,0.07
5/28/2025 16:44:07,1.17.0,Bandit,5,4.11,nan,30,100,0,LeftWithPellet,Left,2,2,1,1,nan,nan,0.11
5/28/2025 16:44:08,1.17.0,Bandit,5,4.11,nan,30,100,0,LeftWithPellet,Left,2,2,1,1,nan,nan,0.52
5/28/2025 16:44:09,1.17.0,Bandit,5,4.12,nan,30,100,0,LeftWithPellet,Left,2,2,1,1,nan,nan,0.02
5/28/2025 16:45:53,1.17.0,Bandit,5,4.11,nan,30,100,0,RightWithPellet,Left,2,2,1,1,nan,nan,0.30
5/28/2025 16:50:21,1.17.0,Bandit,5,4.11,nan,30,100,0,RightWithPellet,Left,2,2,1,1,nan,nan,0.13
5/28/2025 16:54:30,1.17.0,Bandit,5,4.11,nan,30,100,0,RightWithPellet,Left,2,2,1,1,nan,nan,0.05
5/28/2025 16:55:54,1.17.0,Bandit,5,4.11,1,30,100,0,Pellet,Left,2,2,2,1,Timed_out,4682,nan
5/28/2025 17:04:54,1.17.0,Bandit,5,4.11,nan,30,100,0,Right,Left,2,3,2,2,nan,nan,0.13
5/28/2025 17:20:18,1.17.0,Bandit,5,4.11,nan,30,100,0,Right,Left,2,4,2,2,nan,nan,0.07
5/28/2025 18:32:56,1.17.0,Bandit,5,4.11,nan,30,100,0,Right,Left,2,5,2,2,nan,nan,1.07
5/28/2025 18:33:23,1.17.0,Bandit,5,4.11,nan,30,100,0,Right,Left,2,6,2,2,nan,nan,0.49
5/28/2025 18:35:58,1.17.0,Bandit,5,4.11,nan,30,100,0,Right,Left,2,7,2,2,nan,nan,0.36
5/28/2025 19:30:40,1.17.0,Bandit,5,4.11,nan,30,100,0,Left,Left,3,7,2,2,nan,nan,0.74
5/28/2025 19:30:48,1.17.0,Bandit,5,4.11,1,30,100,0,Pellet,Left,3,7,3,2,3.99,9294,nan
5/28/2025 19:48:43,1.17.0,Bandit,5,4.11,nan,30,100,0,Right,Left,3,8,3,3,nan,nan,0.45
5/28/2025 19:49:24,1.17.0,Bandit,5,4.11,nan,30,100,0,Left,Left,4,8,3,3,nan,nan,0.00
5/28/2025 19:50:18,1.17.0,Bandit,5,4.11,1,30,100,0,Pellet,Left,4,8,4,3,50.80,1170,nan
5/28/2025 20:14:44,1.17.0,Bandit,5,4.11,nan,30,100,0,Left,Left,5,8,4,4,nan,nan,0.12
5/28/2025 20:15:20,1.17.0,Bandit,5,4.11,1,30,100,0,Pellet,Left,5,8,5,4,32.83,1502,nan
5/28/2025 20:24:22,1.17.0,Bandit,5,4.11,nan,30,100,0,Right,Left,5,9,5,5,nan,nan,0.13
5/28/2025 20:24:51,1.17.0,Bandit,5,4.11,nan,30,100,0,Left,Left,6,9,5,5,nan,nan,0.05
5/28/2025 20:25:01,1.17.0,Bandit,5,4.11,1,30,100,0,Pellet,Left,6,9,6,5,6.28,580,nan
5/28/2025 20:39:45,1.17.0,Bandit,5,4.10,nan,30,100,0,Left,Left,7,9,6,6,nan,nan,0.70
5/28/2025 20:40:00,1.17.0,Bandit,5,4.11,2,30,100,0,Pellet,Left,7,9,7,6,9.52,900,nan
5/28/2025 20:46:19,1.17.0,Bandit,5,4.11,nan,30,100,0,Right,Left,7,10,7,7,nan,nan,0.05
5/28/2025 20:59:03,1.17.0,Bandit,5,4.10,nan,30,100,0,Left,Left,8,10,7,7,nan,nan,0.73
5/28/2025 20:59:31,1.17.0,Bandit,5,4.11,nan,30,100,0,RightWithPellet,Left,8,11,7,7,nan,nan,0.15
5/28/2025 20:59:38,1.17.0,Bandit,5,4.11,1,30,100,0,Pellet,Left,8,11,8,7,32.06,1178,nan
5/28/2025 21:00:00,1.17.0,Bandit,5,4.10,nan,30,100,0,Left,Left,9,11,8,8,nan,nan,0.08
5/28/2025 21:00:10,1.17.0,Bandit,5,4.11,1,30,100,0,Pellet,Left,9,11,9,8,6.97,32,nan
5/28/2025 21:03:24,1.17.0,Bandit,5,4.11,nan,30,100,0,Right,Left,9,12,9,9,nan,nan,0.16
5/28/2025 21:05:04,1.17.0,Bandit,5,4.11,nan,30,100,0,Right,Left,9,13,9,9,nan,nan,0.18
5/28/2025 21:06:26,1.17.0,Bandit,5,4.10,nan,30,100,0,Left,Left,10,13,9,9,nan,nan,0.71
5/28/2025 21:07:08,1.17.0,Bandit,5,4.11,nan,30,100,0,RightWithPellet,Left,10,14,9,9,nan,nan,0.23
5/28/2025 21:07:17,1.17.0,Bandit,5,4.11,1,30,100,0,Pellet,Left,10,14,10,9,48.26,427,nan
5/28/2025 21:13:09,1.17.0,Bandit,5,4.10,nan,30,100,0,Left,Left,11,14,10,10,nan,nan,0.56
5/28/2025 21:15:21,1.17.0,Bandit,5,4.10,nan,30,100,0,RightWithPellet,Left,11,14,10,10,nan,nan,0.01
5/28/2025 21:15:54,1.17.0,Bandit,5,4.11,1,30,100,0,Pellet,Left,11,14,11,10,Timed_out,517,nan
5/28/2025 21:22:04,1.17.0,Bandit,5,4.11,nan,30,100,0,Right,Left,11,15,11,11,nan,nan,0.51
5/28/2025 21:29:35,1.17.0,Bandit,5,4.10,nan,30,100,0,Right,Left,11,16,11,11,nan,nan,0.07
5/28/2025 21:30:14,1.17.0,Bandit,5,4.11,nan,30,100,0,Left,Left,12,16,11,11,nan,nan,1.24
5/28/2025 21:30:20,1.17.0,Bandit,5,4.11,nan,30,100,0,RightWithPellet,Left,12,17,11,11,nan,nan,0.12
5/28/2025 21:30:21,1.17.0,Bandit,5,4.11,nan,30,100,0,RightWithPellet,Left,12,18,11,11,nan,nan,0.68
5/28/2025 21:30:22,1.17.0,Bandit,5,4.10,nan,30,100,0,RightWithPellet,Left,12,19,11,11,nan,nan,0.53
5/28/2025 21:30:23,1.17.0,Bandit,5,4.11,nan,30,100,0,RightWithPellet,Left,12,20,11,11,nan,nan,0.65
5/28/2025 21:30:25,1.17.0,Bandit,5,4.11,nan,30,100,0,RightWithPellet,Left,12,21,11,11,nan,nan,0.85
5/28/2025 21:30:42,1.17.0,Bandit,5,4.10,2,30,100,0,Pellet,Left,12,21,12,11,24.30,888,nan
5/28/2025 21:31:16,1.17.0,Bandit,5,4.11,nan,30,100,0,Right,Left,12,22,12,12,nan,nan,0.62
5/28/2025 21:31:18,1.17.0,Bandit,5,4.11,nan,30,100,0,LeftinTimeOut,Left,12,22,12,12,nan,nan,nan
5/28/2025 21:37:58,1.17.0,Bandit,5,4.11,nan,30,100,0,Right,Left,12,23,12,12,nan,nan,0.07
5/28/2025 21:44:23,1.17.0,Bandit,5,4.11,nan,30,100,0,Left,Left,13,23,12,12,nan,nan,0.09
5/28/2025 21:44:50,1.17.0,Bandit,5,4.11,3,30,100,0,Pellet,Left,13,23,13,12,20.60,848,nan
5/28/2025 21:46:11,1.17.0,Bandit,5,4.11,nan,30,100,0,Left,Left,14,23,13,13,nan,nan,0.19
5/28/2025 21:46:37,1.17.0,Bandit,5,4.11,2,30,100,0,Pellet,Left,14,23,14,13,22.32,106,nan
5/28/2025 21:47:06,1.17.0,Bandit,5,4.11,nan,30,100,0,Right,Left,14,24,14,14,nan,nan,0.14
5/28/2025 21:47:13,1.17.0,Bandit,5,4.10,nan,30,100,0,LeftinTimeOut,Left,14,24,14,14,nan,nan,nan
5/28/2025 21:47:25,1.17.0,Bandit,5,4.11,nan,30,100,0,Right,Left,14,25,14,14,nan,nan,0.21
5/28/2025 21:50:18,1.17.0,Bandit,5,4.11,nan,30,100,0,Right,Left,14,26,14,14,nan,nan,0.61
5/28/2025 21:50:46,1.17.0,Bandit,5,4.10,nan,30,100,0,Left,Left,15,26,14,14,nan,nan,0.11
5/28/2025 21:50:57,1.17.0,Bandit,5,4.10,2,30,100,0,Pellet,Left,15,26,15,14,7.30,261,nan
5/28/2025 22:00:36,1.17.0,Bandit,5,4.10,nan,30,100,0,Left,Left,16,26,15,15,nan,nan,0.35
5/28/2025 22:00:47,1.17.0,Bandit,5,4.11,2,30,100,0,Pellet,Left,16,26,16,15,7.62,590,nan
5/28/2025 22:01:19,1.17.0,Bandit,5,4.10,nan,30,100,0,Left,Left,17,26,16,16,nan,nan,0.21
5/28/2025 22:01:27,1.17.0,Bandit,5,4.11,1,30,100,0,Pellet,Left,17,26,17,16,4.75,40,nan
5/28/2025 22:02:58,1.17.0,Bandit,5,4.11,nan,30,100,0,Left,Left,18,26,17,17,nan,nan,0.19
5/28/2025 22:03:05,1.17.0,Bandit,5,4.11,1,30,100,0,Pellet,Left,18,26,18,17,3.23,98,nan
5/28/2025 22:03:20,1.17.0,Bandit,5,4.10,nan,30,100,0,Left,Left,19,26,18,18,nan,nan,0.02
5/28/2025 22:03:27,1.17.0,Bandit,5,4.11,nan,30,100,0,RightWithPellet,Left,19,27,18,18,nan,nan,0.29
5/28/2025 22:09:41,1.17.0,Bandit,5,4.11,nan,30,100,0,RightWithPellet,Left,19,27,18,18,nan,nan,0.02
5/28/2025 22:10:43,1.17.0,Bandit,5,4.10,nan,30,100,0,LeftWithPellet,Left,19,27,18,18,nan,nan,0.72
5/28/2025 22:10:44,1.17.0,Bandit,5,4.10,nan,30,100,0,LeftWithPellet,Left,19,27,18,18,nan,nan,0.01
5/28/2025 22:10:46,1.17.0,Bandit,5,4.11,nan,30,100,0,LeftWithPellet,Left,19,27,18,18,nan,nan,0.04
5/28/2025 22:10:48,1.17.0,Bandit,5,4.11,nan,30,100,0,LeftWithPellet,Left,19,27,18,18,nan,nan,0.16
5/28/2025 22:10:50,1.17.0,Bandit,5,4.11,nan,30,100,0,LeftWithPellet,Left,19,27,18,18,nan,nan,0.78
5/28/2025 22:10:56,1.17.0,Bandit,5,4.11,nan,30,100,0,LeftWithPellet,Left,19,27,18,18,nan,nan,0.04
5/28/2025 22:10:59,1.17.0,Bandit,5,4.11,2,30,100,0,Pellet,Left,19,27,19,18,Timed_out,473,nan
5/28/2025 22:11:18,1.17.0,Bandit,5,4.10,nan,30,100,0,Right,Left,19,28,19,19,nan,nan,0.27
5/28/2025 22:35:03,1.17.0,Bandit,5,4.11,nan,30,100,0,Left,Left,20,28,19,19,nan,nan,0.17
5/28/2025 22:35:12,1.17.0,Bandit,5,4.11,1,30,100,0,Pellet,Left,20,28,20,19,6.16,1454,nan
5/28/2025 22:35:43,1.17.0,Bandit,5,4.10,nan,30,100,0,Right,Left,20,29,20,20,nan,nan,0.35
5/28/2025 22:35:49,1.17.0,Bandit,5,4.10,nan,30,100,0,LeftinTimeOut,Left,20,29,20,20,nan,nan,nan
5/28/2025 22:36:18,1.17.0,Bandit,5,4.11,nan,30,100,0,Left,Left,21,29,20,20,nan,nan,0.02
5/28/2025 22:48:38,1.17.0,Bandit,5,4.09,1,30,100,0,Pellet,Left,21,29,21,20,Timed_out,806,nan
5/28/2025 22:48:56,1.17.0,Bandit,5,4.10,nan,30,100,0,Left,Left,22,29,21,21,nan,nan,0.09
5/28/2025 22:49:28,1.17.0,Bandit,5,4.10,1,30,100,0,Pellet,Left,22,29,22,21,28.91,50,nan
5/28/2025 22:54:55,1.17.0,Bandit,5,4.10,nan,30,100,0,Left,Left,23,29,22,22,nan,nan,0.10
5/28/2025 22:55:12,1.17.0,Bandit,5,4.09,1,30,100,0,Pellet,Left,23,29,23,22,13.61,343,nan
5/28/2025 22:56:42,1.17.0,Bandit,5,4.10,nan,30,100,0,Right,Left,23,30,23,23,nan,nan,0.00
5/28/2025 23:01:22,1.17.0,Bandit,5,4.10,nan,30,100,0,Left,Left,24,30,23,23,nan,nan,0.12
5/28/2025 23:01:51,1.17.0,Bandit,5,4.10,1,30,100,0,Pellet,Left,24,30,24,23,25.52,399,nan
5/28/2025 23:11:43,1.17.0,Bandit,5,4.10,nan,30,100,0,Right,Left,24,31,24,24,nan,nan,0.70
5/28/2025 23:12:13,1.17.0,Bandit,5,4.10,nan,30,100,0,Right,Left,24,32,24,24,nan,nan,0.01
5/28/2025 23:12:19,1.17.0,Bandit,5,4.10,nan,30,100,0,LeftinTimeOut,Left,24,32,24,24,nan,nan,nan
5/29/2025 1:29:00,1.17.0,Bandit,5,4.09,nan,30,100,0,Right,Left,24,33,24,24,nan,nan,0.14
5/29/2025 1:29:20,1.17.0,Bandit,5,4.09,nan,30,100,0,Left,Left,25,33,24,24,nan,nan,0.12
5/29/2025 1:29:29,1.17.0,Bandit,5,4.10,nan,30,100,0,LeftWithPellet,Left,25,33,24,24,nan,nan,0.07
5/29/2025 1:29:32,1.17.0,Bandit,5,4.10,3,30,100,0,Pellet,Left,25,33,25,24,5.05,8862,nan
5/29/2025 1:37:52,1.17.0,Bandit,5,4.10,nan,30,100,0,Right,Left,25,34,25,25,nan,nan,0.17
5/29/2025 1:38:16,1.17.0,Bandit,5,4.10,nan,30,100,0,Right,Left,25,35,25,25,nan,nan,0.07
5/29/2025 2:28:26,1.17.0,Bandit,5,4.09,nan,30,100,0,Left,Left,26,35,25,25,nan,nan,0.19
5/29/2025 2:28:47,1.17.0,Bandit,5,4.10,1,30,100,0,Pellet,Left,26,35,26,25,18.01,3555,nan
5/29/2025 2:29:56,1.17.0,Bandit,5,4.10,nan,30,100,0,Left,Left,27,35,26,26,nan,nan,0.18
5/29/2025 2:30:02,1.17.0,Bandit,5,4.10,1,30,100,0,Pellet,Left,27,35,27,26,2.79,75,nan
5/29/2025 2:30:27,1.17.0,Bandit,5,4.09,nan,30,100,0,Left,Left,28,35,27,27,nan,nan,0.05
5/29/2025 2:30:33,1.17.0,Bandit,5,4.09,nan,30,100,0,LeftWithPellet,Left,28,35,27,27,nan,nan,0.14
5/29/2025 2:30:48,1.17.0,Bandit,5,4.09,1,30,100,0,Pellet,Left,28,35,28,27,17.79,46,nan
5/29/2025 2:34:38,1.17.0,Bandit,5,4.09,nan,30,100,0,Left,Left,29,35,28,28,nan,nan,0.19
5/29/2025 2:34:45,1.17.0,Bandit,5,4.09,1,30,100,0,Pellet,Left,29,35,29,28,3.80,237,nan
5/29/2025 2:49:23,1.17.0,Bandit,5,4.09,nan,30,100,0,Right,Left,29,36,29,29,nan,nan,0.01
5/29/2025 2:56:06,1.17.0,Bandit,5,4.09,nan,30,100,0,Left,Left,30,36,29,29,nan,nan,0.06
5/29/2025 2:56:11,1.17.0,Bandit,5,4.09,nan,30,100,0,LeftWithPellet,Left,30,36,29,29,nan,nan,0.21
5/29/2025 2:56:18,1.17.0,Bandit,5,4.09,1,30,100,0,Pellet,Left,30,36,30,29,8.18,1293,nan
5/29/2025 2:58:51,1.17.0,Bandit,5,4.09,nan,30,0,100,Left,Right,31,36,30,0,nan,nan,0.30
5/29/2025 3:01:33,1.17.0,Bandit,5,4.09,nan,30,0,100,Right,Right,31,37,30,0,nan,nan,0.35
5/29/2025 3:01:45,1.17.0,Bandit,5,4.09,1,30,0,100,Pellet,Right,31,37,31,0,9.07,327,nan
5/29/2025 3:02:06,1.17.0,Bandit,5,4.09,nan,30,0,100,Left,Right,32,37,31,1,nan,nan,0.03
5/29/2025 3:22:05,1.17.0,Bandit,5,4.09,nan,30,0,100,Left,Right,33,37,31,1,nan,nan,0.15
5/29/2025 3:33:41,1.17.0,Bandit,5,4.09,nan,30,0,100,Left,Right,34,37,31,1,nan,nan,0.09
5/29/2025 3:35:26,1.17.0,Bandit,5,4.09,nan,30,0,100,Right,Right,34,38,31,1,nan,nan,0.22
5/29/2025 3:35:32,1.17.0,Bandit,5,4.09,1,30,0,100,Pellet,Right,34,38,32,1,2.15,2027,nan
5/29/2025 3:38:24,1.17.0,Bandit,5,4.09,nan,30,0,100,Left,Right,35,38,32,2,nan,nan,0.03
5/29/2025 3:45:12,1.17.0,Bandit,5,4.09,nan,30,0,100,Right,Right,35,39,32,2,nan,nan,0.09
5/29/2025 3:45:21,1.17.0,Bandit,5,4.09,1,30,0,100,Pellet,Right,35,39,33,2,6.03,589,nan
5/29/2025 3:55:47,1.17.0,Bandit,5,4.09,nan,30,0,100,Left,Right,36,39,33,3,nan,nan,0.38
5/29/2025 4:25:52,1.17.0,Bandit,5,4.09,nan,30,0,100,Left,Right,37,39,33,3,nan,nan,0.00
5/29/2025 4:28:48,1.17.0,Bandit,5,4.09,nan,30,0,100,Left,Right,38,39,33,3,nan,nan,0.74
5/29/2025 4:29:26,1.17.0,Bandit,5,4.09,nan,30,0,100,Right,Right,38,40,33,3,nan,nan,0.01
5/29/2025 4:29:35,1.17.0,Bandit,5,4.09,1,30,0,100,Pellet,Right,38,40,34,3,5.39,2654,nan
5/29/2025 4:41:22,1.17.0,Bandit,5,4.09,nan,30,0,100,Right,Right,38,41,34,4,nan,nan,0.05
5/29/2025 4:41:28,1.17.0,Bandit,5,4.09,1,30,0,100,Pellet,Right,38,41,35,4,2.34,712,nan
5/29/2025 6:13:58,1.17.0,Bandit,5,4.09,nan,30,0,100,Left,Right,39,41,35,5,nan,nan,0.05
5/29/2025 6:13:58,1.17.0,Bandit,5,4.09,nan,30,0,100,LeftinTimeOut,Right,39,41,35,5,nan,nan,nan
5/29/2025 8:26:12,1.17.0,Bandit,5,4.08,nan,30,0,100,Left,Right,40,41,35,5,nan,nan,0.70
5/29/2025 8:30:20,1.17.0,Bandit,5,4.09,nan,30,0,100,Left,Right,41,41,35,5,nan,nan,0.27
5/29/2025 8:39:53,1.17.0,Bandit,5,4.08,nan,30,0,100,Right,Right,41,42,35,5,nan,nan,0.54
5/29/2025 8:40:04,1.17.0,Bandit,5,4.09,1,30,0,100,Pellet,Right,41,42,36,5,7.68,14317,nan
5/29/2025 8:40:49,1.17.0,Bandit,5,4.08,nan,30,0,100,Left,Right,42,42,36,6,nan,nan,0.14
5/29/2025 8:40:51,1.17.0,Bandit,5,4.08,nan,30,0,100,LeftinTimeOut,Right,42,42,36,6,nan,nan,nan
5/29/2025 8:41:51,1.17.0,Bandit,5,4.08,nan,30,0,100,Left,Right,43,42,36,6,nan,nan,0.23
5/29/2025 8:47:57,1.17.0,Bandit,5,4.08,nan,30,0,100,Right,Right,43,43,36,6,nan,nan,0.04
5/29/2025 8:48:03,1.17.0,Bandit,5,4.08,1,30,0,100,Pellet,Right,43,43,37,6,1.96,478,nan
5/29/2025 13:20:18,1.17.0,Bandit,5,4.08,nan,30,0,100,Left,Right,44,43,37,7,nan,nan,0.05
5/29/2025 13:23:47,1.17.0,Bandit,5,4.07,nan,30,0,100,Right,Right,44,44,37,7,nan,nan,0.09
5/29/2025 13:23:55,1.17.0,Bandit,5,4.07,1,30,0,100,Pellet,Right,44,44,38,7,5.26,16553,nan
5/29/2025 13:24:37,1.17.0,Bandit,5,4.07,nan,30,0,100,Left,Right,45,44,38,8,nan,nan,0.03
5/29/2025 19:36:09,1.17.0,Bandit,5,4.06,nan,30,0,100,Right,Right,45,45,38,8,nan,nan,0.03
5/29/2025 19:36:16,1.17.0,Bandit,5,4.07,2,30,0,100,Pellet,Right,45,45,39,8,3.42,22341,nan
5/29/2025 19:36:44,1.17.0,Bandit,5,4.06,nan,30,0,100,Right,Right,45,46,39,9,nan,nan,0.26
5/29/2025 19:36:50,1.17.0,Bandit,5,4.06,1,30,0,100,Pellet,Right,45,46,40,9,2.28,34,nan
5/29/2025 19:41:51,1.17.0,Bandit,5,4.06,nan,30,0,100,Left,Right,46,46,40,10,nan,nan,0.10
5/29/2025 19:42:21,1.17.0,Bandit,5,4.06,nan,30,0,100,Left,Right,47,46,40,10,nan,nan,0.07
5/29/2025 19:43:49,1.17.0,Bandit,5,4.06,nan,30,0,100,Left,Right,48,46,40,10,nan,nan,0.07
5/29/2025 19:57:05,1.17.0,Bandit,5,4.07,nan,30,0,100,Right,Right,48,47,40,10,nan,nan,0.02
5/29/2025 19:57:14,1.17.0,Bandit,5,4.06,2,30,0,100,Pellet,Right,48,47,41,10,3.55,1224,nan
5/29/2025 19:58:21,1.17.0,Bandit,5,4.06,nan,30,0,100,Right,Right,48,48,41,11,nan,nan,0.11
5/29/2025 19:58:49,1.17.0,Bandit,5,4.06,1,30,0,100,Pellet,Right,48,48,42,11,25.06,95,nan
5/29/2025 20:36:33,1.17.0,Bandit,5,4.06,nan,30,0,100,Left,Right,49,48,42,12,nan,nan,0.60
5/29/2025 20:42:28,1.17.0,Bandit,5,4.06,nan,30,0,100,Right,Right,49,49,42,12,nan,nan,0.90
5/29/2025 20:42:35,1.17.0,Bandit,5,4.06,1,30,0,100,Pellet,Right,49,49,43,12,3.61,2626,nan
5/29/2025 20:42:59,1.17.0,Bandit,5,4.06,nan,30,0,100,Left,Right,50,49,43,13,nan,nan,0.02
5/29/2025 20:45:04,1.17.0,Bandit,5,4.06,nan,30,0,100,Right,Right,50,50,43,13,nan,nan,0.08
5/29/2025 20:45:13,1.17.0,Bandit,5,4.06,nan,30,0,100,RightWithPellet,Right,50,51,43,13,nan,nan,0.26
5/29/2025 20:45:15,1.17.0,Bandit,5,4.06,1,30,0,100,Pellet,Right,50,51,44,13,7.46,160,nan
5/29/2025 20:50:21,1.17.0,Bandit,5,4.06,nan,30,0,100,Left,Right,51,51,44,14,nan,nan,0.31
5/29/2025 20:59:11,1.17.0,Bandit,5,4.06,nan,30,0,100,Right,Right,51,52,44,14,nan,nan,0.04
5/29/2025 20:59:16,1.17.0,Bandit,5,4.06,nan,30,0,100,RightWithPellet,Right,51,53,44,14,nan,nan,0.17
5/29/2025 20:59:23,1.17.0,Bandit,5,4.06,1,30,0,100,Pellet,Right,51,53,45,14,8.61,848,nan
5/29/2025 20:59:56,1.17.0,Bandit,5,4.06,nan,30,0,100,Left,Right,52,53,45,15,nan,nan,0.54
5/29/2025 20:59:59,1.17.0,Bandit,5,4.06,nan,30,0,100,LeftinTimeOut,Right,52,53,45,15,nan,nan,nan
5/29/2025 21:00:28,1.17.0,Bandit,5,4.06,nan,30,0,100,Left,Right,53,53,45,15,nan,nan,0.15
5/29/2025 21:03:58,1.17.0,Bandit,5,4.06,nan,30,0,100,Left,Right,54,53,45,15,nan,nan,0.21
5/29/2025 21:06:51,1.17.0,Bandit,5,4.06,nan,30,0,100,Left,Right,55,53,45,15,nan,nan,0.08
5/29/2025 21:11:30,1.17.0,Bandit,5,4.05,nan,30,0,100,Right,Right,55,54,45,15,nan,nan,1.03
5/29/2025 21:11:36,1.17.0,Bandit,5,4.05,1,30,0,100,Pellet,Right,55,54,46,15,2.85,733,nan
5/29/2025 21:11:47,1.17.0,Bandit,5,4.05,nan,30,0,100,Right,Right,55,55,46,16,nan,nan,0.03
5/29/2025 21:11:55,1.17.0,Bandit,5,4.05,1,30,0,100,Pellet,Right,55,55,47,16,5.52,19,nan
5/29/2025 21:13:15,1.17.0,Bandit,5,4.05,nan,30,0,100,Left,Right,56,55,47,17,nan,nan,0.04
5/29/2025 21:35:10,1.17.0,Bandit,5,4.06,nan,30,0,100,Right,Right,56,56,47,17,nan,nan,0.63
5/29/2025 21:35:16,1.17.0,Bandit,5,4.06,2,30,0,100,Pellet,Right,56,56,48,17,2.91,1401,nan
5/29/2025 21:35:31,1.17.0,Bandit,5,4.05,nan,30,0,100,Right,Right,56,57,48,18,nan,nan,0.04
5/29/2025 21:35:50,1.17.0,Bandit,5,4.05,1,30,0,100,Pellet,Right,56,57,49,18,15.89,34,nan
5/29/2025 21:36:16,1.17.0,Bandit,5,4.06,nan,30,0,100,Left,Right,57,57,49,19,nan,nan,0.04
5/29/2025 21:49:20,1.17.0,Bandit,5,4.05,nan,30,0,100,Left,Right,58,57,49,19,nan,nan,0.50
5/29/2025 22:16:13,1.17.0,Bandit,5,4.06,nan,30,0,100,Left,Right,59,57,49,19,nan,nan,0.18
5/29/2025 22:17:42,1.17.0,Bandit,5,4.05,nan,30,0,100,Left,Right,60,57,49,19,nan,nan,0.00
5/29/2025 22:28:54,1.17.0,Bandit,5,4.05,nan,30,0,100,Left,Right,61,57,49,19,nan,nan,0.28
5/29/2025 22:29:28,1.17.0,Bandit,5,4.05,nan,30,0,100,Left,Right,62,57,49,19,nan,nan,0.13
5/29/2025 22:53:57,1.17.0,Bandit,5,4.05,nan,30,0,100,Left,Right,63,57,49,19,nan,nan,0.03
5/29/2025 23:06:19,1.17.0,Bandit,5,4.05,nan,30,0,100,Right,Right,63,58,49,19,nan,nan,0.29
5/29/2025 23:06:23,1.17.0,Bandit,5,4.05,1,30,0,100,Pellet,Right,63,58,50,19,0.82,5433,nan
5/29/2025 23:06:44,1.17.0,Bandit,5,4.05,nan,30,0,100,Left,Right,64,58,50,20,nan,nan,0.49
5/29/2025 23:18:34,1.17.0,Bandit,5,4.05,nan,30,0,100,Right,Right,64,59,50,20,nan,nan,0.18
5/29/2025 23:18:40,1.17.0,Bandit,5,4.05,1,30,0,100,Pellet,Right,64,59,51,20,2.98,737,nan
5/29/2025 23:19:07,1.17.0,Bandit,5,4.05,nan,30,0,100,Right,Right,64,60,51,21,nan,nan,0.15
5/29/2025 23:19:12,1.17.0,Bandit,5,4.05,1,30,0,100,Pellet,Right,64,60,52,21,1.71,32,nan
5/29/2025 23:26:36,1.17.0,Bandit,5,4.05,nan,30,0,100,Left,Right,65,60,52,22,nan,nan,0.45
5/29/2025 23:26:52,1.17.0,Bandit,5,4.05,nan,30,0,100,Left,Right,66,60,52,22,nan,nan,0.49
5/29/2025 23:26:56,1.17.0,Bandit,5,4.06,nan,30,0,100,LeftinTimeOut,Right,66,60,52,22,nan,nan,nan
5/29/2025 23:27:16,1.17.0,Bandit,5,4.06,nan,30,0,100,Right,Right,66,61,52,22,nan,nan,0.22
5/29/2025 23:27:21,1.17.0,Bandit,5,4.05,1,30,0,100,Pellet,Right,66,61,53,22,1.52,488,nan
5/29/2025 23:27:43,1.17.0,Bandit,5,4.05,nan,30,0,100,Left,Right,67,61,53,23,nan,nan,0.06
5/29/2025 23:52:26,1.17.0,Bandit,5,4.05,nan,30,0,100,Left,Right,68,61,53,23,nan,nan,0.16
5/29/2025 23:59:15,1.17.0,Bandit,5,4.05,nan,30,0,100,Right,Right,68,62,53,23,nan,nan,0.39
5/29/2025 23:59:21,1.17.0,Bandit,5,4.05,1,30,0,100,Pellet,Right,68,62,54,23,2.60,1921,nan
5/30/2025 2:08:44,1.17.0,Bandit,5,4.05,nan,30,0,100,Right,Right,68,63,54,24,nan,nan,0.54
5/30/2025 2:08:49,1.17.0,Bandit,5,4.05,1,30,0,100,Pellet,Right,68,63,55,24,1.90,7768,nan
5/30/2025 2:09:16,1.17.0,Bandit,5,4.05,nan,30,0,100,Left,Right,69,63,55,25,nan,nan,0.47
5/30/2025 2:09:58,1.17.0,Bandit,5,4.05,nan,30,0,100,Right,Right,69,64,55,25,nan,nan,0.51
5/30/2025 2:10:04,1.17.0,Bandit,5,4.05,1,30,0,100,Pellet,Right,69,64,56,25,3.30,75,nan
5/30/2025 2:21:52,1.17.0,Bandit,5,4.05,nan,30,0,100,Right,Right,69,65,56,26,nan,nan,0.18
5/30/2025 2:21:58,1.17.0,Bandit,5,4.05,2,30,0,100,Pellet,Right,69,65,57,26,0.82,714,nan
5/30/2025 2:22:39,1.17.0,Bandit,5,4.05,nan,30,0,100,Left,Right,70,65,57,27,nan,nan,0.01
5/30/2025 2:22:51,1.17.0,Bandit,5,4.05,nan,30,0,100,LeftinTimeOut,Right,70,65,57,27,nan,nan,nan
5/30/2025 2:31:12,1.17.0,Bandit,5,4.05,nan,30,0,100,Left,Right,71,65,57,27,nan,nan,0.09
5/30/2025 2:31:13,1.17.0,Bandit,5,4.05,nan,30,0,100,LeftinTimeOut,Right,71,65,57,27,nan,nan,nan
5/30/2025 2:31:28,1.17.0,Bandit,5,4.05,nan,30,0,100,Left,Right,72,65,57,27,nan,nan,0.80
5/30/2025 2:33:42,1.17.0,Bandit,5,4.05,nan,30,0,100,Left,Right,73,65,57,27,nan,nan,0.32
5/30/2025 2:34:31,1.17.0,Bandit,5,4.05,nan,30,0,100,Right,Right,73,66,57,27,nan,nan,0.09
5/30/2025 2:34:38,1.17.0,Bandit,5,4.05,1,30,0,100,Pellet,Right,73,66,58,27,3.55,759,nan
5/30/2025 2:35:02,1.17.0,Bandit,5,4.04,nan,30,0,100,Right,Right,73,67,58,28,nan,nan,0.00
5/30/2025 2:35:08,1.17.0,Bandit,5,4.05,1,30,0,100,Pellet,Right,73,67,59,28,2.09,30,nan
5/30/2025 4:17:29,1.17.0,Bandit,5,4.04,nan,30,0,100,Left,Right,74,67,59,29,nan,nan,0.45
5/30/2025 4:17:59,1.17.0,Bandit,5,4.05,nan,30,0,100,Left,Right,75,67,59,29,nan,nan,0.21
5/30/2025 4:51:49,1.17.0,Bandit,5,4.04,nan,30,0,100,Right,Right,75,68,59,29,nan,nan,0.36
5/30/2025 4:51:53,1.17.0,Bandit,5,4.04,1,30,0,100,Pellet,Right,75,68,60,29,0.75,8206,nan
5/30/2025 4:52:17,1.17.0,Bandit,5,4.04,nan,30,100,0,Right,Left,75,69,60,0,nan,nan,0.07
5/30/2025 4:56:10,1.17.0,Bandit,5,4.05,nan,30,100,0,Left,Left,76,69,60,0,nan,nan,1.28
5/30/2025 4:56:22,1.17.0,Bandit,5,4.05,2,30,100,0,Pellet,Left,76,69,61,0,7.11,269,nan
5/30/2025 4:56:40,1.17.0,Bandit,5,4.04,nan,30,100,0,Right,Left,76,70,61,1,nan,nan,0.07
5/30/2025 4:56:51,1.17.0,Bandit,5,4.04,nan,30,100,0,LeftinTimeOut,Left,76,70,61,1,nan,nan,nan
5/30/2025 4:57:54,1.17.0,Bandit,5,4.04,nan,30,100,0,Left,Left,77,70,61,1,nan,nan,0.55
5/30/2025 4:58:03,1.17.0,Bandit,5,4.04,2,30,100,0,Pellet,Left,77,70,62,1,3.04,100,nan
5/30/2025 5:13:44,1.17.0,Bandit,5,4.04,nan,30,100,0,Left,Left,78,70,62,2,nan,nan,0.57
5/30/2025 5:13:56,1.17.0,Bandit,5,4.04,1,30,100,0,Pellet,Left,78,70,63,2,8.89,954,nan
5/30/2025 5:16:23,1.17.0,Bandit,5,4.04,nan,30,100,0,Left,Left,79,70,63,3,nan,nan,0.02
5/30/2025 5:16:29,1.17.0,Bandit,5,4.04,1,30,100,0,Pellet,Left,79,70,64,3,3.10,153,nan
5/30/2025 5:16:47,1.17.0,Bandit,5,4.05,nan,30,100,0,Right,Left,79,71,64,4,nan,nan,0.12
5/30/2025 5:24:25,1.17.0,Bandit,5,4.04,nan,30,100,0,Left,Left,80,71,64,4,nan,nan,0.36
5/30/2025 5:24:29,1.17.0,Bandit,5,4.04,1,30,100,0,Pellet,Left,80,71,65,4,1.39,480,nan
5/30/2025 5:27:47,1.17.0,Bandit,5,4.04,nan,30,100,0,Right,Left,80,72,65,5,nan,nan,0.06
5/30/2025 8:46:40,1.17.0,Bandit,5,4.04,nan,30,100,0,Left,Left,81,72,65,5,nan,nan,0.86
5/30/2025 8:47:01,1.17.0,Bandit,5,4.03,1,30,100,0,Pellet,Left,81,72,66,5,18.44,12152,nan
5/30/2025 8:48:19,1.17.0,Bandit,5,4.03,nan,30,100,0,Left,Left,82,72,66,6,nan,nan,0.10
5/30/2025 8:48:41,1.17.0,Bandit,5,4.03,1,30,100,0,Pellet,Left,82,72,67,6,19.02,100,nan
5/30/2025 10:24:58,1.17.0,Bandit,5,4.03,nan,30,100,0,Left,Left,83,72,67,7,nan,nan,0.75
5/30/2025 10:25:03,1.17.0,Bandit,5,4.03,1,30,100,0,Pellet,Left,83,72,68,7,1.96,5782,nan
5/30/2025 10:25:58,1.17.0,Bandit,5,4.03,nan,30,100,0,Left,Left,84,72,68,8,nan,nan,0.44
5/30/2025 10:26:03,1.17.0,Bandit,5,4.03,1,30,100,0,Pellet,Left,84,72,69,8,1.39,60,nan
5/30/2025 10:28:50,1.17.0,Bandit,5,4.03,nan,30,100,0,Left,Left,85,72,69,9,nan,nan,0.59
5/30/2025 10:28:58,1.17.0,Bandit,5,4.03,1,30,100,0,Pellet,Left,85,72,70,9,3.93,174,nan
5/30/2025 13:45:57,1.17.0,Bandit,5,4.03,nan,30,100,0,Left,Left,86,72,70,10,nan,nan,0.68
5/30/2025 13:46:02,1.17.0,Bandit,5,4.03,1,30,100,0,Pellet,Left,86,72,71,10,1.26,11824,nan
5/30/2025 13:46:45,1.17.0,Bandit,5,4.03,nan,30,100,0,Right,Left,86,73,71,11,nan,nan,0.25
5/30/2025 15:53:16,1.17.0,Bandit,5,4.03,nan,30,100,0,Left,Left,87,73,71,11,nan,nan,0.72
5/30/2025 15:53:21,1.17.0,Bandit,5,4.02,1,30,100,0,Pellet,Left,87,73,72,11,1.52,7640,nan
5/30/2025 15:53:56,1.17.0,Bandit,5,4.02,nan,30,100,0,Left,Left,88,73,72,12,nan,nan,0.79
5/30/2025 15:54:02,1.17.0,Bandit,5,4.02,1,30,100,0,Pellet,Left,88,73,73,12,2.47,41,nan
5/30/2025 15:54:38,1.17.0,Bandit,5,4.02,nan,30,100,0,Right,Left,88,74,73,13,nan,nan,0.04
5/30/2025 18:13:54,1.17.0,Bandit,5,4.02,nan,30,100,0,Left,Left,89,74,73,13,nan,nan,0.28
5/30/2025 18:14:02,1.17.0,Bandit,5,4.02,2,30,100,0,Pellet,Left,89,74,74,13,2.53,8400,nan
5/30/2025 18:19:40,1.17.0,Bandit,5,4.02,nan,30,100,0,Left,Left,90,74,74,14,nan,nan,0.05
5/30/2025 18:19:52,1.17.0,Bandit,5,4.02,3,30,100,0,Pellet,Left,90,74,75,14,3.80,350,nan
5/30/2025 18:27:59,1.17.0,Bandit,5,4.02,nan,30,100,0,Right,Left,90,75,75,15,nan,nan,0.03
5/30/2025 18:28:22,1.17.0,Bandit,5,4.02,nan,30,100,0,Left,Left,91,75,75,15,nan,nan,0.51
5/30/2025 18:28:27,1.17.0,Bandit,5,4.02,1,30,100,0,Pellet,Left,91,75,76,15,1.14,515,nan
5/30/2025 19:44:17,1.17.0,Bandit,5,4.02,nan,30,100,0,Right,Left,91,76,76,16,nan,nan,0.61
5/30/2025 19:44:40,1.17.0,Bandit,5,4.02,nan,30,100,0,LeftinTimeOut,Left,91,76,76,16,nan,nan,nan
5/30/2025 19:44:40,1.17.0,Bandit,5,4.02,nan,30,100,0,LeftinTimeOut,Left,91,76,76,16,nan,nan,nan
5/30/2025 19:44:42,1.17.0,Bandit,5,4.02,nan,30,100,0,LeftinTimeOut,Left,91,76,76,16,nan,nan,nan
5/30/2025 19:48:35,1.17.0,Bandit,5,4.02,nan,30,100,0,Left,Left,92,76,76,16,nan,nan,0.18
5/30/2025 19:48:41,1.17.0,Bandit,5,4.02,1,30,100,0,Pellet,Left,92,76,77,16,1.96,4814,nan
5/30/2025 19:49:17,1.17.0,Bandit,5,4.02,nan,30,100,0,Left,Left,93,76,77,17,nan,nan,1.41
5/30/2025 19:49:25,1.17.0,Bandit,5,4.02,1,30,100,0,Pellet,Left,93,76,78,17,4.44,44,nan
5/30/2025 19:55:17,1.17.0,Bandit,5,4.02,nan,30,100,0,Left,Left,94,76,78,18,nan,nan,0.56
5/30/2025 19:55:21,1.17.0,Bandit,5,4.02,1,30,100,0,Pellet,Left,94,76,79,18,0.82,356,nan
5/30/2025 19:58:03,1.17.0,Bandit,5,4.02,nan,30,100,0,Right,Left,94,77,79,19,nan,nan,0.18
5/30/2025 20:05:39,1.17.0,Bandit,5,4.02,nan,30,100,0,Right,Left,94,78,79,19,nan,nan,0.62
5/30/2025 20:05:50,1.17.0,Bandit,5,4.01,nan,30,100,0,Left,Left,95,78,79,19,nan,nan,0.00
5/30/2025 20:05:57,1.17.0,Bandit,5,4.02,1,30,100,0,Pellet,Left,95,78,80,19,2.91,636,nan
5/30/2025 20:17:38,1.17.0,Bandit,5,4.02,nan,30,100,0,Left,Left,96,78,80,20,nan,nan,0.22
5/30/2025 20:17:42,1.17.0,Bandit,5,4.02,1,30,100,0,Pellet,Left,96,78,81,20,1.32,705,nan
5/30/2025 20:22:52,1.17.0,Bandit,5,4.02,nan,30,100,0,Right,Left,96,79,81,21,nan,nan,0.18
5/30/2025 20:25:34,1.17.0,Bandit,5,4.02,nan,30,100,0,Right,Left,96,80,81,21,nan,nan,0.24
5/30/2025 20:26:58,1.17.0,Bandit,5,4.02,nan,30,100,0,Left,Left,97,80,81,21,nan,nan,0.48
5/30/2025 20:27:02,1.17.0,Bandit,5,4.02,1,30,100,0,Pellet,Left,97,80,82,21,0.69,560,nan
5/30/2025 20:27:37,1.17.0,Bandit,5,4.02,nan,30,100,0,Right,Left,97,81,82,22,nan,nan,0.46
5/30/2025 20:28:57,1.17.0,Bandit,5,4.01,nan,30,100,0,Left,Left,98,81,82,22,nan,nan,0.04
5/30/2025 20:29:05,1.17.0,Bandit,5,4.01,1,30,100,0,Pellet,Left,98,81,83,22,4.44,123,nan
5/30/2025 20:29:19,1.17.0,Bandit,5,4.02,nan,30,100,0,Left,Left,99,81,83,23,nan,nan,0.14
5/30/2025 20:29:25,1.17.0,Bandit,5,4.01,1,30,100,0,Pellet,Left,99,81,84,23,2.28,19,nan
5/30/2025 20:30:25,1.17.0,Bandit,5,4.02,nan,30,100,0,Left,Left,100,81,84,24,nan,nan,0.30
5/30/2025 20:30:30,1.17.0,Bandit,5,4.01,1,30,100,0,Pellet,Left,100,81,85,24,1.33,66,nan
5/30/2025 20:37:39,1.17.0,Bandit,5,4.02,nan,30,100,0,Left,Left,101,81,85,25,nan,nan,0.03
5/30/2025 20:37:44,1.17.0,Bandit,5,4.02,1,30,100,0,Pellet,Left,101,81,86,25,1.13,433,nan
5/30/2025 20:42:03,1.17.0,Bandit,5,4.02,nan,30,100,0,Right,Left,101,82,86,26,nan,nan,0.01
5/30/2025 20:43:57,1.17.0,Bandit,5,4.01,nan,30,100,0,Right,Left,101,83,86,26,nan,nan,0.61
5/30/2025 20:44:15,1.17.0,Bandit,5,4.02,nan,30,100,0,LeftinTimeOut,Left,101,83,86,26,nan,nan,nan
5/30/2025 20:46:51,1.17.0,Bandit,5,4.02,nan,30,100,0,Left,Left,102,83,86,26,nan,nan,0.13
5/30/2025 20:46:56,1.17.0,Bandit,5,4.01,1,30,100,0,Pellet,Left,102,83,87,26,1.71,553,nan
5/30/2025 20:48:35,1.17.0,Bandit,5,4.02,nan,30,100,0,Left,Left,103,83,87,27,nan,nan,0.19
5/30/2025 20:50:28,1.17.0,Bandit,5,4.02,1,30,100,0,Pellet,Left,103,83,88,27,Timed_out,212,nan
5/30/2025 20:54:56,1.17.0,Bandit,5,4.01,nan,30,100,0,Left,Left,104,83,88,28,nan,nan,0.26
5/30/2025 20:55:15,1.17.0,Bandit,5,4.02,1,30,100,0,Pellet,Left,104,83,89,28,15.58,287,nan
5/30/2025 21:18:53,1.17.0,Bandit,5,4.01,nan,30,100,0,Right,Left,104,84,89,29,nan,nan,0.10
5/30/2025 21:19:04,1.17.0,Bandit,5,4.01,nan,30,100,0,Left,Left,105,84,89,29,nan,nan,0.00
5/30/2025 21:19:11,1.17.0,Bandit,5,4.02,1,30,100,0,Pellet,Left,105,84,90,29,3.48,1436,nan
5/30/2025 21:34:43,1.17.0,Bandit,5,4.01,nan,30,0,100,Left,Right,106,84,90,0,nan,nan,0.46
5/30/2025 21:35:07,1.17.0,Bandit,5,4.01,nan,30,0,100,Left,Right,107,84,90,0,nan,nan,0.56
5/30/2025 21:35:12,1.17.0,Bandit,5,4.01,nan,30,0,100,LeftinTimeOut,Right,107,84,90,0,nan,nan,nan
5/30/2025 21:35:42,1.17.0,Bandit,5,4.01,nan,30,0,100,Right,Right,107,85,90,0,nan,nan,0.23
5/30/2025 21:35:48,1.17.0,Bandit,5,4.02,2,30,0,100,Pellet,Right,107,85,91,0,2.79,997,nan
5/30/2025 21:47:12,1.17.0,Bandit,5,4.01,nan,30,0,100,Right,Right,107,86,91,1,nan,nan,0.22
5/30/2025 21:47:17,1.17.0,Bandit,5,4.01,1,30,0,100,Pellet,Right,107,86,92,1,1.32,689,nan
5/30/2025 21:48:31,1.17.0,Bandit,5,4.01,nan,30,0,100,Left,Right,108,86,92,2,nan,nan,0.01
5/30/2025 21:50:52,1.17.0,Bandit,5,4.02,nan,30,0,100,Left,Right,109,86,92,2,nan,nan,0.46
5/30/2025 21:51:18,1.17.0,Bandit,5,4.01,nan,30,0,100,Left,Right,110,86,92,2,nan,nan,0.02
5/30/2025 22:03:34,1.17.0,Bandit,5,4.01,nan,30,0,100,Right,Right,110,87,92,2,nan,nan,0.06
5/30/2025 22:03:40,1.17.0,Bandit,5,4.01,1,30,0,100,Pellet,Right,110,87,93,2,2.53,983,nan
5/30/2025 22:04:01,1.17.0,Bandit,5,4.01,nan,30,0,100,Right,Right,110,88,93,3,nan,nan,0.37
5/30/2025 22:04:05,1.17.0,Bandit,5,4.01,1,30,0,100,Pellet,Right,110,88,94,3,1.01,25,nan
5/30/2025 22:04:19,1.17.0,Bandit,5,4.01,nan,30,0,100,Left,Right,111,88,94,4,nan,nan,0.27
5/30/2025 22:14:04,1.17.0,Bandit,5,4.02,nan,30,0,100,Left,Right,112,88,94,4,nan,nan,0.21
5/30/2025 22:14:10,1.17.0,Bandit,5,4.01,nan,30,0,100,LeftinTimeOut,Right,112,88,94,4,nan,nan,nan
5/30/2025 22:15:07,1.17.0,Bandit,5,4.02,nan,30,0,100,Left,Right,113,88,94,4,nan,nan,0.21
5/30/2025 22:15:21,1.17.0,Bandit,5,4.01,nan,30,0,100,Left,Right,114,88,94,4,nan,nan,0.33
5/30/2025 22:15:25,1.17.0,Bandit,5,4.01,nan,30,0,100,LeftinTimeOut,Right,114,88,94,4,nan,nan,nan
5/30/2025 22:16:57,1.17.0,Bandit,5,4.01,nan,30,0,100,Left,Right,115,88,94,4,nan,nan,0.21
5/30/2025 22:16:59,1.17.0,Bandit,5,4.01,nan,30,0,100,LeftinTimeOut,Right,115,88,94,4,nan,nan,nan
5/30/2025 22:20:25,1.17.0,Bandit,5,4.01,nan,30,0,100,Left,Right,116,88,94,4,nan,nan,0.12
5/30/2025 22:21:38,1.17.0,Bandit,5,4.01,nan,30,0,100,Left,Right,117,88,94,4,nan,nan,0.11
5/30/2025 22:26:48,1.17.0,Bandit,5,4.02,nan,30,0,100,Left,Right,118,88,94,4,nan,nan,0.24
5/30/2025 22:27:16,1.17.0,Bandit,5,4.01,nan,30,0,100,Right,Right,118,89,94,4,nan,nan,0.60
5/30/2025 22:27:22,1.17.0,Bandit,5,4.01,1,30,0,100,Pellet,Right,118,89,95,4,2.98,1397,nan
5/30/2025 22:38:52,1.17.0,Bandit,5,4.01,nan,30,0,100,Right,Right,118,90,95,5,nan,nan,0.04
5/30/2025 22:38:57,1.17.0,Bandit,5,4.01,1,30,0,100,Pellet,Right,118,90,96,5,1.96,695,nan
5/31/2025 0:18:58,1.17.0,Bandit,5,4.00,nan,30,0,100,Left,Right,119,90,96,6,nan,nan,0.06
5/31/2025 0:19:57,1.17.0,Bandit,5,4.00,nan,30,0,100,Right,Right,119,91,96,6,nan,nan,0.00
5/31/2025 0:20:02,1.17.0,Bandit,5,4.00,1,30,0,100,Pellet,Right,119,91,97,6,1.71,6065,nan
5/31/2025 0:20:43,1.17.0,Bandit,5,4.00,nan,30,0,100,Right,Right,119,92,97,7,nan,nan,0.45
5/31/2025 0:20:48,1.17.0,Bandit,5,4.00,1,30,0,100,Pellet,Right,119,92,98,7,1.32,46,nan
5/31/2025 0:21:15,1.17.0,Bandit,5,4.01,nan,30,0,100,Right,Right,119,93,98,8,nan,nan,0.57
5/31/2025 0:21:20,1.17.0,Bandit,5,4.01,1,30,0,100,Pellet,Right,119,93,99,8,1.52,32,nan
5/31/2025 0:21:50,1.17.0,Bandit,5,4.00,nan,30,0,100,Left,Right,120,93,99,9,nan,nan,0.40
5/31/2025 0:22:35,1.17.0,Bandit,5,4.00,nan,30,0,100,Left,Right,121,93,99,9,nan,nan,0.49
5/31/2025 0:23:22,1.17.0,Bandit,5,4.00,nan,30,0,100,Right,Right,121,94,99,9,nan,nan,0.47
5/31/2025 0:23:27,1.17.0,Bandit,5,4.00,1,30,0,100,Pellet,Right,121,94,100,9,2.08,127,nan
5/31/2025 0:23:50,1.17.0,Bandit,5,4.00,nan,30,0,100,Left,Right,122,94,100,10,nan,nan,0.07
5/31/2025 0:24:52,1.17.0,Bandit,5,4.00,nan,30,0,100,Right,Right,122,95,100,10,nan,nan,0.14
5/31/2025 0:24:58,1.17.0,Bandit,5,4.00,1,30,0,100,Pellet,Right,122,95,101,10,2.79,91,nan
5/31/2025 0:25:57,1.17.0,Bandit,5,4.00,nan,30,0,100,Right,Right,122,96,101,11,nan,nan,0.01
5/31/2025 0:26:15,1.17.0,Bandit,5,4.01,1,30,0,100,Pellet,Right,122,96,102,11,14.87,77,nan
5/31/2025 2:12:34,1.17.0,Bandit,5,4.00,nan,30,0,100,Left,Right,123,96,102,12,nan,nan,0.01
5/31/2025 2:12:37,1.17.0,Bandit,5,4.00,nan,30,0,100,LeftinTimeOut,Right,123,96,102,12,nan,nan,nan
5/31/2025 2:34:53,1.17.0,Bandit,5,4.00,nan,30,0,100,Left,Right,124,96,102,12,nan,nan,0.59
5/31/2025 2:35:00,1.17.0,Bandit,5,4.00,nan,30,0,100,LeftinTimeOut,Right,124,96,102,12,nan,nan,nan
5/31/2025 2:35:06,1.17.0,Bandit,5,4.00,nan,30,0,100,LeftinTimeOut,Right,124,96,102,12,nan,nan,nan
5/31/2025 2:35:49,1.17.0,Bandit,5,4.00,nan,30,0,100,Right,Right,124,97,102,12,nan,nan,0.29
5/31/2025 2:36:22,1.17.0,Bandit,5,4.00,1,30,0,100,Pellet,Right,124,97,103,12,28.91,7807,nan
5/31/2025 2:36:48,1.17.0,Bandit,5,4.00,nan,30,0,100,Right,Right,124,98,103,13,nan,nan,0.31
5/31/2025 2:37:08,1.17.0,Bandit,5,4.00,1,30,0,100,Pellet,Right,124,98,104,13,16.02,45,nan
5/31/2025 3:35:59,1.17.0,Bandit,5,4.00,nan,30,0,100,Left,Right,125,98,104,14,nan,nan,0.06
5/31/2025 3:36:46,1.17.0,Bandit,5,4.00,nan,30,0,100,Right,Right,125,99,104,14,nan,nan,0.26
5/31/2025 3:36:56,1.17.0,Bandit,5,4.00,3,30,0,100,Pellet,Right,125,99,105,14,2.53,3589,nan
5/31/2025 3:37:43,1.17.0,Bandit,5,4.00,nan,30,0,100,Left,Right,126,99,105,15,nan,nan,0.34
5/31/2025 3:38:11,1.17.0,Bandit,5,4.00,nan,30,0,100,Left,Right,127,99,105,15,nan,nan,0.51
5/31/2025 3:38:17,1.17.0,Bandit,5,4.00,nan,30,0,100,LeftinTimeOut,Right,127,99,105,15,nan,nan,nan
5/31/2025 3:38:44,1.17.0,Bandit,5,4.00,nan,30,0,100,Left,Right,128,99,105,15,nan,nan,0.57
5/31/2025 3:40:00,1.17.0,Bandit,5,4.00,nan,30,0,100,Right,Right,128,100,105,15,nan,nan,0.25
5/31/2025 3:40:05,1.17.0,Bandit,5,4.00,1,30,0,100,Pellet,Right,128,100,106,15,1.32,189,nan
5/31/2025 3:40:26,1.17.0,Bandit,5,4.00,nan,30,0,100,Right,Right,128,101,106,16,nan,nan,0.16
5/31/2025 3:40:30,1.17.0,Bandit,5,4.00,1,30,0,100,Pellet,Right,128,101,107,16,1.52,25,nan
5/31/2025 3:51:08,1.17.0,Bandit,5,4.00,nan,30,0,100,Left,Right,129,101,107,17,nan,nan,0.68
5/31/2025 3:57:30,1.17.0,Bandit,5,4.00,nan,30,0,100,Left,Right,130,101,107,17,nan,nan,0.02
5/31/2025 4:01:27,1.17.0,Bandit,5,4.00,nan,30,0,100,Left,Right,131,101,107,17,nan,nan,0.44
5/31/2025 4:01:48,1.17.0,Bandit,5,4.00,nan,30,0,100,Left,Right,132,101,107,17,nan,nan,0.01
5/31/2025 4:01:49,1.17.0,Bandit,5,4.00,nan,30,0,100,LeftinTimeOut,Right,132,101,107,17,nan,nan,nan
5/31/2025 4:01:52,1.17.0,Bandit,5,4.00,nan,30,0,100,LeftinTimeOut,Right,132,101,107,17,nan,nan,nan
5/31/2025 4:01:54,1.17.0,Bandit,5,4.00,nan,30,0,100,LeftinTimeOut,Right,132,101,107,17,nan,nan,nan
5/31/2025 4:10:25,1.17.0,Bandit,5,4.00,nan,30,0,100,Left,Right,133,101,107,17,nan,nan,0.23
5/31/2025 4:13:24,1.17.0,Bandit,5,4.00,nan,30,0,100,Left,Right,134,101,107,17,nan,nan,0.13
5/31/2025 4:14:25,1.17.0,Bandit,5,4.00,nan,30,0,100,Right,Right,134,102,107,17,nan,nan,0.58
5/31/2025 4:14:28,1.17.0,Bandit,5,4.00,1,30,0,100,Pellet,Right,134,102,108,17,0.63,2038,nan
5/31/2025 4:19:36,1.17.0,Bandit,5,4.00,nan,30,0,100,Right,Right,134,103,108,18,nan,nan,0.30
5/31/2025 4:19:40,1.17.0,Bandit,5,4.00,1,30,0,100,Pellet,Right,134,103,109,18,0.88,312,nan
5/31/2025 4:20:02,1.17.0,Bandit,5,4.00,nan,30,0,100,Left,Right,135,103,109,19,nan,nan,0.23
5/31/2025 4:27:37,1.17.0,Bandit,5,4.00,nan,30,0,100,Left,Right,136,103,109,19,nan,nan,0.19
5/31/2025 4:39:07,1.17.0,Bandit,5,4.00,nan,30,0,100,Right,Right,136,104,109,19,nan,nan,0.17
5/31/2025 4:39:11,1.17.0,Bandit,5,4.00,1,30,0,100,Pellet,Right,136,104,110,19,1.07,1171,nan
5/31/2025 4:39:36,1.17.0,Bandit,5,4.00,nan,30,0,100,Left,Right,137,104,110,20,nan,nan,0.46
5/31/2025 4:39:57,1.17.0,Bandit,5,4.00,nan,30,0,100,Left,Right,138,104,110,20,nan,nan,0.43
5/31/2025 4:48:29,1.17.0,Bandit,5,4.00,nan,30,0,100,Right,Right,138,105,110,20,nan,nan,0.18
5/31/2025 4:48:35,1.17.0,Bandit,5,4.00,1,30,0,100,Pellet,Right,138,105,111,20,2.91,564,nan
5/31/2025 4:50:02,1.17.0,Bandit,5,4.00,nan,30,0,100,Right,Right,138,106,111,21,nan,nan,0.50
5/31/2025 4:50:08,1.17.0,Bandit,5,4.00,1,30,0,100,Pellet,Right,138,106,112,21,2.66,92,nan
5/31/2025 4:50:56,1.17.0,Bandit,5,4.00,nan,30,0,100,Left,Right,139,106,112,22,nan,nan,0.23
5/31/2025 4:54:21,1.17.0,Bandit,5,4.00,nan,30,0,100,Left,Right,140,106,112,22,nan,nan,0.10
5/31/2025 4:58:16,1.17.0,Bandit,5,4.00,nan,30,0,100,Right,Right,140,107,112,22,nan,nan,0.14
5/31/2025 4:58:36,1.17.0,Bandit,5,4.00,1,30,0,100,Pellet,Right,140,107,113,22,16.01,509,nan
5/31/2025 5:18:05,1.17.0,Bandit,5,4.00,nan,30,0,100,Right,Right,140,108,113,23,nan,nan,0.31
5/31/2025 5:18:09,1.17.0,Bandit,5,4.00,1,30,0,100,Pellet,Right,140,108,114,23,0.95,1173,nan
5/31/2025 5:18:34,1.17.0,Bandit,5,4.00,nan,30,0,100,Right,Right,140,109,114,24,nan,nan,0.25
5/31/2025 5:18:39,1.17.0,Bandit,5,4.00,1,30,0,100,Pellet,Right,140,109,115,24,1.64,30,nan
5/31/2025 5:19:18,1.17.0,Bandit,5,4.00,nan,30,0,100,Right,Right,140,110,115,25,nan,nan,0.37
5/31/2025 5:19:23,1.17.0,Bandit,5,4.00,1,30,0,100,Pellet,Right,140,110,116,25,0.75,43,nan
5/31/2025 5:21:41,1.17.0,Bandit,5,4.00,nan,30,0,100,Left,Right,141,110,116,26,nan,nan,0.07
5/31/2025 5:23:37,1.17.0,Bandit,5,4.00,nan,30,0,100,Right,Right,141,111,116,26,nan,nan,0.26
5/31/2025 5:23:41,1.17.0,Bandit,5,4.00,1,30,0,100,Pellet,Right,141,111,117,26,0.82,259,nan
5/31/2025 5:23:53,1.17.0,Bandit,5,4.00,nan,30,0,100,Right,Right,141,112,117,27,nan,nan,0.13
5/31/2025 5:23:58,1.17.0,Bandit,5,4.00,1,30,0,100,Pellet,Right,141,112,118,27,1.83,17,nan
5/31/2025 5:47:22,1.17.0,Bandit,5,4.00,nan,30,0,100,Right,Right,141,113,118,28,nan,nan,0.26
5/31/2025 5:47:31,1.17.0,Bandit,5,4.00,3,30,0,100,Pellet,Right,141,113,119,28,2.02,1413,nan
5/31/2025 5:51:49,1.17.0,Bandit,5,4.00,nan,30,0,100,Left,Right,142,113,119,29,nan,nan,0.00
5/31/2025 6:03:07,1.17.0,Bandit,5,3.99,nan,30,0,100,Left,Right,143,113,119,29,nan,nan,0.22
5/31/2025 6:04:18,1.17.0,Bandit,5,3.99,nan,30,0,100,Left,Right,144,113,119,29,nan,nan,0.14
5/31/2025 8:53:31,1.17.0,Bandit,5,3.99,nan,30,0,100,Right,Right,144,114,119,29,nan,nan,0.26
5/31/2025 8:53:36,1.17.0,Bandit,5,3.99,2,30,0,100,Pellet,Right,144,114,120,29,1.77,11165,nan
5/31/2025 9:08:32,1.17.0,Bandit,5,3.99,nan,30,100,0,Left,Left,145,114,120,0,nan,nan,0.61
5/31/2025 9:08:41,1.17.0,Bandit,5,3.99,2,30,100,0,Pellet,Left,145,114,121,0,3.55,905,nan
5/31/2025 9:12:23,1.17.0,Bandit,5,3.99,nan,30,100,0,Left,Left,146,114,121,1,nan,nan,0.21
5/31/2025 9:12:28,1.17.0,Bandit,5,3.99,1,30,100,0,Pellet,Left,146,114,122,1,2.47,227,nan
5/31/2025 9:12:55,1.17.0,Bandit,5,3.99,nan,30,100,0,Right,Left,146,115,122,2,nan,nan,0.09
5/31/2025 9:14:38,1.17.0,Bandit,5,3.99,nan,30,100,0,Left,Left,147,115,122,2,nan,nan,0.07
5/31/2025 9:14:42,1.17.0,Bandit,5,3.99,2,30,100,0,Pellet,Left,147,115,123,2,0.75,134,nan
5/31/2025 10:42:40,1.17.0,Bandit,5,3.98,nan,30,100,0,Left,Left,148,115,123,3,nan,nan,0.52
5/31/2025 10:42:47,1.17.0,Bandit,5,3.99,1,30,100,0,Pellet,Left,148,115,124,3,2.98,5285,nan
5/31/2025 10:43:09,1.17.0,Bandit,5,3.99,nan,30,100,0,Left,Left,149,115,124,4,nan,nan,0.23
5/31/2025 10:43:24,1.17.0,Bandit,5,3.98,1,30,100,0,Pellet,Left,149,115,125,4,12.32,37,nan
5/31/2025 10:46:13,1.17.0,Bandit,5,3.98,nan,30,100,0,Left,Left,150,115,125,5,nan,nan,0.09
5/31/2025 10:46:18,1.17.0,Bandit,5,3.98,1,30,100,0,Pellet,Left,150,115,126,5,1.39,174,nan
5/31/2025 10:57:12,1.17.0,Bandit,5,3.98,nan,30,100,0,Left,Left,151,115,126,6,nan,nan,0.20
5/31/2025 10:58:29,1.17.0,Bandit,5,3.98,1,30,100,0,Pellet,Left,151,115,127,6,Timed_out,731,nan
5/31/2025 13:32:12,1.17.0,Bandit,5,3.98,nan,30,100,0,Left,Left,152,115,127,7,nan,nan,0.00
5/31/2025 13:32:18,1.17.0,Bandit,5,3.98,1,30,100,0,Pellet,Left,152,115,128,7,1.96,9229,nan
5/31/2025 13:32:40,1.17.0,Bandit,5,3.98,nan,30,100,0,Left,Left,153,115,128,8,nan,nan,0.73
5/31/2025 13:32:44,1.17.0,Bandit,5,3.98,2,30,100,0,Pellet,Left,153,115,129,8,1.01,26,nan
5/31/2025 13:33:09,1.17.0,Bandit,5,3.98,nan,30,100,0,Right,Left,153,116,129,9,nan,nan,0.10
